Date,Q_shigu,Qz,Pz,Tz,Ez,Sz,Pi,Ti,Ei,Si
2006-01-01,380.84145038243776,299.5350646681187,0.005966497280810849,3.5477976083181053,-0.001431790822917132,0.20330958343408478,0.0031368573728062787,0.45649535287600007,-0.001584253031616002,0.17771601122166206
2006-01-02,371.1969054388804,315.74563493116426,0.005978154266372793,0.6504734702595132,-0.0017866094340420304,0.1978788170168342,0.007692104549053255,1.7474111703302166,-0.0008924543091226833,0.17014195062206652
2006-01-03,385.7563417858463,320.04795333419213,0.004296594482761388,2.9482653359727404,-0.0016963493974565102,0.22059772267583466,0.0011363203333131335,3.24513446745406,-0.0010587069241437873,0.16393275838865054
2006-01-04,342.4237034347088,282.2784418039508,0.004229622008085499,2.622770354649343,-0.0014091836339295935,0.21546850442025253,0.0005987696861216972,1.7450188932545718,-0.001274921715873617,0.162652144478344
2006-01-05,354.7860916991617,310.2467134741391,0.009483068224452815,1.639804056561153,-0.0014556864156950917,0.22053938069708695,0.0004334701544642211,2.1090777750328233,-0.0007061412888835246,0.1626836338537766
2006-01-06,379.90267733546955,303.2395985954429,0.010811146692150723,3.5372782246305032,-0.001882369426548833,0.1943019544519652,0.0032016258769049,4.055378297126439,-0.001190956537046815,0.15169327734716942
2006-01-07,357.71970240536945,296.47304452669994,0.0010364653789742173,1.1451306552402216,-0.0012188396126180247,0.2168715779868881,0.0037842976477270567,5.623108838593668,-0.0014806730650253237,0.1627339369487679
2006-01-08,392.6970918523944,328.25260730959667,0.010956844296423938,2.3028952873370483,-0.001661379920260561,0.21083619416169558,0.0031691612448986792,5.840754750822067,-0.0013344779857417846,0.16616673545866778
2006-01-09,362.11652750057317,301.39603534145755,0.002382897865472054,3.92306696246468,-0.0014011025324045185,0.170567128110299,0.003303292104194516,4.4980808381387805,-0.0009002465756041457,0.1718848051029134
2006-01-10,361.0372369720356,303.6889493355012,0.004654508763216288,5.133117402020123,-0.0018958008032846315,0.19136656370786814,0.005368337146256883,2.7067130835765907,-0.0014366736153692235,0.16064291677980447
2006-01-11,372.2474575111294,325.2951241392612,0.004998608152830148,3.4223677890262896,-0.0017686724211193336,0.18890875893909342,0.011500416085685555,5.732331971955329,-0.0015537470518626106,0.1503624894972018
2006-01-12,390.04603770702647,306.40503741640543,0.005676868948481421,2.5930554307838913,-0.0018022403295665328,0.19651191039100765,0.003165324107529671,2.4183845463421263,-0.0012738462331936937,0.15892605565128934
2006-01-13,446.1682978519251,344.93728752754714,0.004418872732523754,4.665769973350803,-0.0014664534782557763,0.1817759840409171,0.005098101753352746,4.114393425330616,-0.0012584402343193755,0.1643215862066109
2006-01-14,386.7713769183612,312.54773242793163,0.006795435661743153,2.051119218297793,-0.0016416583453442652,0.18527273275452774,0.0011565228909986762,5.092138175461736,-0.001710188419492904,0.15297765312374487
2006-01-15,369.50115875075807,304.4353333713547,0.0006458556739567935,5.865283783205568,-0.0016075371668518585,0.1798593878192724,0.004869022883309886,5.578108751628911,-0.001051191135472715,0.147812370158798
2006-01-16,366.85754158035826,304.66755326880855,0.004093614192441791,4.957837139221387,-0.0014600966164720571,0.18343148964206984,0.00028730668616124867,4.382640646011538,-0.0014227537205889695,0.13013234470015955
2006-01-17,445.8263694453511,368.9072850040401,0.004050958109937208,5.09764180436236,-0.0017329329269337172,0.18078582355458267,0.004867089723905299,6.063292911479041,-0.0015522989813932739,0.13054472817822285
2006-01-18,434.3688447986238,350.6293205254773,0.010555033765496576,6.807816055865936,-0.0019917894882299303,0.175670507221606,0.00382507355589382,5.254048136997938,-0.0013478740094202656,0.14464304937584543
2006-01-19,367.45289904320987,313.67935218993506,0.0018911254163688726,2.4769690693050332,-0.0015882650423911478,0.16161926172090227,0.00023570622335480072,6.997987556665575,-0.001619432467036794,0.11663267691226302
2006-01-20,409.35955162655114,328.6731727303508,0.00253598753644565,5.9639390885503305,-0.0020284140911887316,0.18101727673314866,0.006030478429708063,4.2601944719168445,-0.0013872177655486735,0.14310843827860822
2006-01-21,435.7461719338354,361.38293935585733,0.003981630290583905,5.761183209586679,-0.0016577723458193546,0.1625741406771163,0.003272472882023134,7.6075543113574255,-0.0015166882414874223,0.13385896948358011
2006-01-22,367.8688041771077,324.47004650657556,0.0012698804934526257,4.630494695462547,-0.0023289133287572755,0.16012004524489448,0.0040773768095285325,4.586012422031965,-0.0013198132047975923,0.12663379593351984
2006-01-23,406.4487426067479,318.3824224701111,0.024182845076377135,5.053123555168005,-0.001690477079128722,0.16004354600676066,0.0025189909667592165,5.1643148152729585,-0.001453863880757805,0.12565616785240727
2006-01-24,406.542044385695,336.3783636922801,0.00532188068283207,6.774089512509903,-0.002133933371019133,0.1532768781686222,0.0003214733498810552,5.430834753605877,-0.0015909936834539698,0.11319002844488
2006-01-25,431.4614220566575,361.50306006814156,0.002608442086109654,6.506536089964229,-0.0016589405790488638,0.14160736017801412,0.0012431990488778724,5.36617003868154,-0.0016299683197631852,0.11945759191513437
2006-01-26,437.05015211936217,367.7219334442421,0.01563244042072613,4.9508502038088675,-0.001587018119314817,0.14079947303871404,0.0011901709559660498,7.3454856802307535,-0.0013455895355855823,0.13162492516623786
2006-01-27,433.57097120618016,349.4450951837299,0.004472197056617978,7.120791118906486,-0.002033234874605176,0.15062202989085877,0.00010487891388124342,7.783938824392098,-0.0014896827446746635,0.15096248700522819
2006-01-28,468.30820504045204,383.17497860765997,0.006374473053578624,9.602339272148877,-0.0021102472541027883,0.14615983040757405,0.009077606900399536,6.5114145744418,-0.0017145849842759389,0.12814510165654971
2006-01-29,449.31102054925816,374.37151418946644,0.004655021901676895,5.957748430105037,-0.0016769435210549181,0.14659680227618493,0.0005788634168691353,7.438327579096805,-0.0018278096209326388,0.11206498898054973
2006-01-30,415.4275818356522,348.845020632305,0.001094541344922867,10.256740241149853,-0.0022615097705760184,0.1516767278942413,0.0002051778102193937,8.768514313501875,-0.001431208268384293,0.1285543452321332
2006-01-31,415.4964513938223,342.63958995549194,0.0018266115426922957,7.048027519974873,-0.002041526487672166,0.12875844714254542,0.00012582152915810769,6.8812248046128275,-0.0016754412120334008,0.10685397624257113
2006-02-01,459.7266317018808,368.65983767953503,0.005673997036170364,7.761616226544036,-0.002147699854213428,0.1269180919658454,0.0010873369117008179,9.324410723263302,-0.0015121122224948402,0.12273828160185728
2006-02-02,441.37947330827745,369.8094291845617,0.009428443462325959,9.02183395016616,-0.001926437005114066,0.1252131787973514,0.001450975432823789,9.088514437112769,-0.002075986878619622,0.129651103236049
2006-02-03,413.76808018976243,346.3388423402962,0.005648619629745578,5.855183337456966,-0.0016783059105602385,0.1345641078698199,0.0035544706089676425,8.348614124919763,-0.0017277577925424227,0.11649372746252151
2006-02-04,451.55009880921176,373.2578243669753,0.009126882537940665,7.742965361130048,-0.0026149235547462558,0.1448967056180813,0.003538132039236039,10.03019205603906,-0.0017261315879420625,0.11320404633963244
2006-02-05,439.7909774419058,368.9482010955342,0.0028010223165847005,8.006472961803995,-0.0020135047710039544,0.140326317093723,0.006043365422184226,8.82760066886847,-0.001762787194063591,0.09467268959535757
2006-02-06,412.32777395874274,341.6905756133722,0.0027785390919859826,5.045433001092428,-0.0018566475204520084,0.10766324068781512,0.0009721883858975115,9.399446150276193,-0.0017961364193802446,0.11430932881363068
2006-02-07,443.30312065410845,352.6869713069179,0.0016594081558157846,8.426171446926821,-0.0018883397793404697,0.11561767654490751,0.009675879753285382,8.54576753538625,-0.001464279644618702,0.10590476851094235
2006-02-08,423.69293503107525,365.5304813151651,0.008441704810337456,7.479839927043136,-0.0024373347184465854,0.12241307751279636,0.005016903355459168,9.169457387474052,-0.0013891920459520903,0.09320361942872576
2006-02-09,462.23787839463506,386.1654664918093,0.0065839173049646775,8.942671895486678,-0.0019360647395548105,0.11988948464895502,4.340480467611372e-05,9.43199437591095,-0.0014319855341447382,0.10799825114101923
2006-02-10,430.7875321943181,375.3518173217959,0.004320566438929731,6.88615211665706,-0.00243950190972087,0.14583475759641107,0.00017641676159646706,9.737271141476404,-0.001824299818866326,0.10326767557980963
2006-02-11,482.0644141194076,392.3382233024178,0.0033360259451378667,9.683836408236074,-0.00216753208196116,0.1454242536345288,0.0035114384095127774,8.56689389745178,-0.0016800480100319288,0.10680608373766168
2006-02-12,450.461623127516,366.77480813951735,0.001144220835545587,9.43593583809664,-0.0022209904676956964,0.12052798453873206,0.0010208364423442207,10.741449483126765,-0.00173837420323937,0.10124493643402808
2006-02-13,437.2438148382513,374.07052297052905,0.0018890297820626863,11.55583053189238,-0.0019577968791796977,0.11881197504503184,0.0051197194051502935,8.331371306586336,-0.0015816030574544568,0.08760740044648316
2006-02-14,437.53935956594313,368.1827016655013,0.003002692139555917,9.762095677452505,-0.0023310035082936796,0.10395182504227196,0.010201625737511663,9.608010140180811,-0.0014518994082444647,0.07686523399503531
2006-02-15,462.9242313708841,368.36662743923245,0.010688142819519445,10.136616023591904,-0.0023048458643500536,0.11269819937718542,0.0028196413029350433,10.33577477908582,-0.0018848435365704933,0.06454433287773806
2006-02-16,443.07735825471667,372.0307096167238,0.00471095670595226,10.421039929724351,-0.0018373044428486207,0.09872903072463456,0.0018197447775844585,8.953633125690956,-0.0017651150245968055,0.07787195665232333
2006-02-17,457.47883902980203,387.08255802825124,0.003939945779560095,9.89895215269694,-0.0020510158934017543,0.10108892319415871,0.00022598904182341616,10.135853013331992,-0.001923145345566912,0.08804878916744044
2006-02-18,473.1632766798746,399.5537274040987,0.00127262357548564,11.654101931551613,-0.002214434493980524,0.10595850424380923,0.0017531151003654295,9.912653787868845,-0.0017943995928707637,0.08818958794787762
2006-02-19,439.84221544622307,363.53595702461655,0.0019931888810936697,9.415970474669974,-0.0023530650880395354,0.0890281192711908,0.003908598981772657,11.013105027101995,-0.0016833635110180965,0.09306100221140527
2006-02-20,493.5635604746212,410.24873495925,0.009685539971704384,9.99337484508613,-0.0020493683768276812,0.10487693457556173,0.009552839579493872,9.055096513460478,-0.0015781054695940598,0.09025907823624404
2006-02-21,493.9913473105238,393.844422878786,0.003795686216860697,9.334346642694568,-0.0024810393938158285,0.1026696011340557,0.0024747991160594986,11.091317607219992,-0.001962951211575348,0.08138574897387126
2006-02-22,520.7430344793776,420.84922052532823,0.010571498115661031,11.212474038033644,-0.002020264270730955,0.08941114196690503,0.007961632930365807,12.07283527594099,-0.001711325668316023,0.05206615691735591
2006-02-23,489.8717587018389,415.9482072893179,0.005772431038494388,11.642798723330456,-0.0025830661808312018,0.08948252787797059,0.0019588370595076347,12.093381300268026,-0.0019989740562341594,0.06896883566444265
2006-02-24,448.39886739291745,374.23965622865035,0.005933273677415314,12.13859910163914,-0.002378372216486909,0.09284295868204173,0.0023690212817559313,9.824676347587541,-0.0018779348046087452,0.07832577331844949
2006-02-25,442.7529364997545,389.20489450664974,0.00474981418864805,11.8319855220943,-0.002226923995631823,0.105907994849955,0.0007749333638952881,10.431649389669328,-0.0018894052839285836,0.05512293174997489
2006-02-26,448.04646522074216,381.3392267566537,0.0034395900706418047,10.958746233463444,-0.0024749906273066704,0.07565831005916882,0.0014028628788988764,10.196512766844787,-0.002131965812087355,0.0722761691701003
2006-02-27,458.53056312436064,386.4089469607074,0.005719683332899346,8.365518950704072,-0.002384387274738491,0.09416978458723375,0.0017276640134425629,10.712837300144308,-0.0021239794914400256,0.08590844965038766
2006-02-28,454.04759622587625,376.0251770556441,0.003513391772210284,9.964986536904439,-0.002583973905655898,0.08644581067129771,0.0053776981959007325,9.65429340033211,-0.0018604323049342276,0.07389467557882336
2006-03-01,432.6233996793039,381.25149120126,0.003963318667791928,10.57977482052242,-0.00243427130010342,0.10287349328336853,0.0006240080074326433,11.230234289930813,-0.002005925598105346,0.08087011137999062
2006-03-02,490.1509889440162,392.2216322869549,0.011614182637297504,14.743211470019634,-0.0020370323960068356,0.0680329124667452,0.0021301388139664916,13.222570902841213,-0.0019927233703377787,0.06638057485612801
2006-03-03,457.1080278919586,386.2451517537158,0.012280999254634937,12.61428998503496,-0.0022885963554336265,0.07349185464645996,0.0016086633755384612,12.57627283876774,-0.0019789796318953477,0.07836648199047339
2006-03-04,453.7170733266446,383.07814490811705,0.002550466191437699,11.303840003713104,-0.0019857669921914717,0.0810520811959886,0.00787310939897984,12.366257789515048,-0.0020504834816999825,0.0654542430252129
2006-03-05,468.00783461660416,398.5167008763372,0.012080091976970896,11.084062499546736,-0.002075530638638061,0.07465270089649931,0.006699234603460038,10.508068886663292,-0.002094097491101663,0.04679065816233546
2006-03-06,486.43599554165064,398.0795817006728,0.005587993777650132,12.903255719992739,-0.0022757732491035182,0.07396129745029517,0.01267268534393534,11.092916826233003,-0.0021932268671310197,0.057210558902091396
2006-03-07,449.0459483782908,387.71592467721575,0.007499221511088134,13.189333689789608,-0.002420750049983046,0.053442699153318285,0.008510229360284201,11.692457308084892,-0.0021097975649094626,0.06821122998881857
2006-03-08,510.6978442398077,414.1714467109342,0.01006256104263884,11.497820387045088,-0.00217953497162824,0.07374754322600335,0.0015500961741150537,11.634723811616169,-0.0019382435541175835,0.056788609220086966
2006-03-09,496.912497681164,401.0532612795,0.0013270806362234847,12.477277235252984,-0.0024041860386219676,0.07126452946144307,8.084154657144986e-05,11.660632068268923,-0.00185836199574857,0.06710005580774027
2006-03-10,479.31791648119935,414.0920096161675,0.0015385092502741083,13.890180334954508,-0.0023426261259542444,0.07053166994991185,0.0005945505485634728,11.71445903047177,-0.002089575920326462,0.0695407553566822
2006-03-11,468.96726124848414,388.6535954686292,0.002420874216168112,13.015903042115083,-0.0025779460486655506,0.06819509621535173,0.0013010464789232712,14.157375854379318,-0.001749879698361445,0.05112710749011265
2006-03-12,508.5293848934915,415.38187849988907,0.001392894858773996,12.839801559088007,-0.002447277845079431,0.09477538729778262,0.0006595313567135034,12.198588911788319,-0.0017928939408666995,0.0637397503894416
2006-03-13,455.71749557935874,386.4034031110773,0.0023217213203709165,11.875469316759549,-0.002442373799773762,0.08187333115290739,0.0025546217095106416,12.785550262090304,-0.002189150739357758,0.06025361094228675
2006-03-14,516.3588388889084,427.27994477341065,0.004379734964458398,12.932504440135089,-0.0024092050373696766,0.05279389358670179,0.003881733079788403,13.002728325476582,-0.0022852577716000774,0.05717980878761252
2006-03-15,467.76863315362857,403.2026931755187,0.0035115298334559863,10.700782301658435,-0.002195614788732066,0.06198323268406888,0.0005635357459787723,14.694488003806425,-0.0019587903135898114,0.05456344587927474
2006-03-16,451.6890386429792,373.2243604198072,0.0028693016365892794,13.583684675658878,-0.002212817793396898,0.05716175569405423,0.00115340964205849,12.711327508578915,-0.002109027958228341,0.054947840867880876
2006-03-17,512.9157477800298,417.0699265205841,0.0036225094775865787,12.609327528711985,-0.0022814586090532797,0.07643459575981157,0.0020450906347017155,13.210242437545986,-0.002094474136100443,0.05738100858528626
2006-03-18,481.64995370473275,419.78700041457955,0.00306307425450018,13.99845770926725,-0.002644628911595608,0.06036081557578779,0.010126295312751317,14.03682334554163,-0.0017697933499996289,0.044242279603153384
2006-03-19,472.6774354119465,390.6150870586825,0.004236343926569443,12.320863918024903,-0.0024417003296891165,0.0716809621951716,0.004550434818194122,13.501100747541944,-0.001964139608582777,0.08428249773954823
2006-03-20,495.3153005829829,415.1870129618014,0.01731176328608441,14.079936424153635,-0.0024766837127680914,0.05611530031723195,0.0028097393400912645,12.526595122906881,-0.001847102337925054,0.04579454375083748
2006-03-21,464.8351100440409,397.84195069922663,0.0036660158450904736,12.7736226842192,-0.002916712333197667,0.049389181778217675,0.0004369116682822326,13.88220405226745,-0.0019217012675287555,0.05183577468873349
2006-03-22,472.2997671711084,409.44978635514906,0.0031258556452891566,13.539149132223832,-0.001987317608513303,0.06276480423612643,0.01161801775531389,14.577844970674292,-0.0023595945764440496,0.05918226681051334
2006-03-23,504.78635501274,429.4032424057911,0.006523258331753492,12.545224408307025,-0.002111371554621691,0.05614739283995491,0.0009275754533173823,14.17635229308339,-0.0018428714999248722,0.056736856222712115
2006-03-24,498.53797873968,407.0867287418225,0.006146201945430057,12.593356016328455,-0.002783320245154732,0.06976194268264478,0.0012497987459944447,12.018627594877003,-0.0023695733919820595,0.0639859433094051
2006-03-25,451.9377601483785,394.8034339371936,0.008257074510434382,13.378160360334196,-0.0027228118902489907,0.05946428575683591,0.0017397247665307182,13.418039730741922,-0.0018387821098677232,0.062468196043598115
2006-03-26,437.9687276567081,383.18359674594063,0.0018378968339301538,12.692686838499222,-0.002732179644799145,0.06887420602324348,0.0009988985497609887,11.837978998780953,-0.001760118834671677,0.05610905049083307
2006-03-27,538.1128254897861,434.54304381916114,0.007828647250686438,12.86571840126754,-0.0022707732761149623,0.06231312562514723,0.001740946633049913,13.969321454903584,-0.002168438013116975,0.041381250006795225
2006-03-28,482.669502194826,411.32466857736387,0.004293042261916564,13.040055165577371,-0.0026392653657957865,0.06048956699421237,0.005674340109887321,15.61428054527933,-0.0022569235639617567,0.04335135926774157
2006-03-29,441.70629113076745,394.1938304303373,0.00044198999480464437,14.065454557931208,-0.0026289950014175703,0.049352060755698965,0.006519579618496943,12.10567931662692,-0.002139804531068966,0.06305944766031009
2006-03-30,490.3462473171975,407.9255052295311,0.010135515844510948,12.237377034904837,-0.0021988842449868276,0.0610476199912654,0.0011202848546348655,11.48099615219457,-0.0020071373785007225,0.04370519196471162
2006-03-31,514.3319184974606,416.60389365750194,0.007674857483941035,13.766339300542498,-0.0025007014139902285,0.060601800793319206,0.0061322242527103,14.405687331475399,-0.002486404972775299,0.0486040698183424
2006-04-01,476.27343303725087,374.69507558048326,0.0010474691785981242,13.416652974237428,-0.0026925683316972177,0.07029428735988463,0.000309266138271268,12.378626237688792,-0.002211641798021887,0.03031033891932596
2006-04-02,515.3552492324502,437.91175298104974,0.0003339884718355266,14.362735928335578,-0.002489343608120554,0.05450689910136527,0.004525529893663088,12.755540283444304,-0.0020719571266711815,0.048029385903626404
2006-04-03,480.8353027184482,410.479484326335,0.019584589773202713,15.77372676325198,-0.002344888556659065,0.040453938977368736,0.0035040525901976287,13.874853175487425,-0.002091007231951497,0.06917604735305949
2006-04-04,492.3039553712592,418.5893164301377,0.0010868395935110004,13.533756403281226,-0.002417633573465004,0.04861713596367072,0.005289489310544925,12.111572304524811,-0.002272460430217975,0.05342744134495872
2006-04-05,476.168272932768,406.8774613532108,0.0024440997552871266,14.566924029151632,-0.0026285371896609586,0.05128639033768233,0.0019530606397638788,14.645093021758722,-0.001990315676363842,0.047221827812290895
2006-04-06,487.18688999669786,423.52864142118773,0.009019677886121995,14.367717242488839,-0.0025624977304963092,0.06974103969523204,0.0006539799138233524,12.557120447384833,-0.0022356467822375785,0.058448639514477374
2006-04-07,501.59732455223696,425.9981846662868,0.002749420288487984,13.0168130305917,-0.0028195712357210476,0.07354443009690902,0.0012930531827263778,12.588353859075115,-0.0023457371110648024,0.03287582428391819
2006-04-08,481.46779625686725,415.0197300159782,0.007619371474436348,12.27594395414872,-0.0024055611831914226,0.06267188437895539,0.0037092626636597344,14.345823391357037,-0.0019407124157020787,0.05255705193560599
2006-04-09,455.5053363466943,400.9471689931123,0.005532997829527091,12.425259054377777,-0.0021088756606773493,0.06580267096610569,0.0007167696005384013,11.81112470672603,-0.002092964091271782,0.05423670462192515
2006-04-10,459.2196983395916,395.9837054292462,0.002354153251321982,15.187141894091242,-0.002214476707674233,0.0934405397616277,0.002764600020803662,15.077254635105227,-0.0023926960930842254,0.05398183194255197
2006-04-11,484.2275682526842,418.14093804693425,0.0027572649958891127,12.599247059551743,-0.002304080860297291,0.049901997764254635,0.0015803129944156264,13.855072005531438,-0.0019414948655296243,0.0502379595040916
2006-04-12,488.1803021262459,412.4240009194292,0.0039809203298669694,12.587042216419286,-0.0025105570348989584,0.053343941080688254,0.005981044070172755,15.203977430829031,-0.0020081217812540518,0.05208113687195875
2006-04-13,470.3790960300495,402.7054960980116,0.007310183725045122,13.696343847445087,-0.002895445814690446,0.062006317053477936,0.0092933854018242,12.42827623170455,-0.0021299788810159067,0.05471620080408465
2006-04-14,485.9112407880543,415.57115267103285,0.007929660747986901,13.420009431690385,-0.002583385263072252,0.0621416511803424,0.005869195034470293,12.496169529342879,-0.0019178579426700777,0.058540562386736106
2006-04-15,485.1135940227076,397.0385990072645,0.002498102055786364,13.789037275296788,-0.002183446304735468,0.07225418603930091,0.0017776452932401223,14.79433743004836,-0.002031619283882307,0.033207477702304325
2006-04-16,508.4106833347511,421.1419146469384,0.006396091263328663,13.144711247136623,-0.0027816804855113034,0.06381899536487799,0.016687823308806433,10.422874001479254,-0.0020564949371592576,0.06113689963145025
2006-04-17,500.22790371477686,404.87197804364996,0.0048487378629207675,13.131519762373342,-0.002335968147230902,0.07634061330576139,0.0012893713673315294,16.203446422183458,-0.0022501695317917432,0.06340554942724436
2006-04-18,486.42566300010964,409.5275803502723,0.0019324661579662606,13.429180224477696,-0.0025931223964545686,0.058089325257115854,0.0009973019426688908,12.749455590573097,-0.002043327359505475,0.05822417232712497
2006-04-19,458.2058826045545,418.93272728586265,0.002031200303956698,11.330227568464519,-0.002468218483955075,0.06310188701209415,0.0025981556831499255,11.218179260198761,-0.0021486656861901226,0.06116153371637942
2006-04-20,504.823415204806,426.7192488447737,0.012875984899592264,11.65510756051574,-0.002372732147502121,0.06296907706283096,0.0030540554399796577,13.309418322459221,-0.0020446328610404553,0.04547024568618917
2006-04-21,492.05718041109435,407.2074504639047,0.004052973896021002,11.098778678005644,-0.002338843181845405,0.08548010213639651,0.003302317258304768,12.815981583626739,-0.0023005751954695026,0.05692955238316966
2006-04-22,505.9182621222125,412.3374298830402,0.0009352137158972645,14.49105526136338,-0.002388634733435271,0.07519204953909746,0.001286242850806089,9.753397784909692,-0.0021531302460338513,0.07366347805682585
2006-04-23,495.61027666374457,408.398910419673,0.001390029516659629,13.918558029051384,-0.002151660190092352,0.07874949177676602,0.0006185729527599326,13.365800439586168,-0.0022306936831029862,0.056461687912590965
2006-04-24,475.94435512687323,402.6385359542663,0.0011629099094959937,13.114938957349725,-0.0023386670956975545,0.05773326008016355,0.0034979458813202556,11.62016360691545,-0.002195393331434049,0.05524075715076981
2006-04-25,493.7803154354484,410.0666661264849,0.005310070255589021,13.506412511013465,-0.0023356547153778693,0.06526426155800684,0.002054566656192647,13.229557615163479,-0.0019537833216765692,0.0628164504117003
2006-04-26,482.28614921251267,430.33776358055,0.010197747900302296,12.714350728034315,-0.0021402933493551947,0.07519827410808859,0.004100573242959233,11.681491027866704,-0.002139064755280662,0.05394697566074223
2006-04-27,475.6846321948947,402.6878923881456,0.00654281631435279,12.278364204437663,-0.0024252817730738116,0.07932634789079612,0.0012770093207638401,10.174459555443631,-0.0022649133168441793,0.06455609955153654
2006-04-28,427.6605320297117,377.8898964650128,0.005011902323491888,13.592064907529855,-0.0021546904318509533,0.07882006940657636,0.0016059147294717943,12.905117376360373,-0.0022950707315875936,0.042131884334737274
2006-04-29,467.8782579416593,405.65769069971714,0.007174858884883945,14.295106502888018,-0.0021005295088745114,0.0844592412822793,0.008375134125142571,13.737722001818787,-0.0018458176539356296,0.07892577105834786
2006-04-30,499.9162588287066,411.7678758850943,0.004385364226354013,12.75352479553817,-0.0025404837640933134,0.0626644338102873,0.006742915813058291,10.501469130742683,-0.001971409571185627,0.05721130433041151
2006-05-01,462.2764772617221,374.76739148578713,0.003605198402126422,11.761190976662032,-0.002185893569652539,0.08078392800609212,0.0016149885488881647,12.343182562538342,-0.0024463138740761408,0.0534880035370297
2006-05-02,497.71544095113865,422.77640770592353,0.004357375404979623,13.110630251142899,-0.0023417949361127705,0.09903863314789989,0.023133154355064085,11.869726207033336,-0.0018845543794113694,0.06690310459174514
2006-05-03,494.8223799511536,404.0220709147337,0.01044749425773898,11.408262317533232,-0.002431859641131727,0.06529730159550218,0.006043870870681367,13.299831327467013,-0.0017091748972090767,0.07140622184927208
2006-05-04,489.3436120937999,396.1132320558321,0.003702500117587047,10.438556324861603,-0.002576621548743322,0.06963479105291107,0.0041518423648097555,11.716333608719959,-0.0016064912189652871,0.09097510831742085
2006-05-05,493.38670726476266,407.51915477652,0.0008075307035795496,11.603663536901916,-0.0025652961012203926,0.09165896747160675,0.0013244025544605815,10.941876452633569,-0.001470826636903484,0.05564397426510109
2006-05-06,475.729965642694,383.71335518911394,0.0013251393179641048,12.681262360099991,-0.0024013919058763623,0.08599810719687227,0.004760774815979411,11.19729984410934,-0.0018423820580016966,0.06306190361307172
2006-05-07,493.383146230908,405.72605292617624,0.008081336879238883,13.214313545771756,-0.0022411413645173545,0.08582715456298795,0.012848736573390031,10.71514080969136,-0.001786136506719839,0.07541565161900371
2006-05-08,477.8899254052907,385.8984820465612,0.006904158776879106,10.065729683860772,-0.002075596457198294,0.08224848426607934,0.0004529682131956888,10.488495382367518,-0.0020711622598373605,0.07965516541950884
2006-05-09,484.0057280326934,400.6170498707222,0.0004612424999108451,9.965469768682105,-0.002578052836448376,0.07748129129219421,0.0031771273785496552,10.177900650743561,-0.002088788261638207,0.07007966687690632
2006-05-10,485.87688298992146,402.13981260915165,0.004611484804827988,11.194546372607487,-0.0022254831614550103,0.08806458135865923,0.00435601905469361,9.834831322712251,-0.0019979279255407973,0.07397398886386804
2006-05-11,455.68340135243034,371.3641072079053,0.001044671929778111,11.691908838162613,-0.0024205212755193913,0.11062461261623105,0.006274627405872347,10.869856798294132,-0.0018498171571444068,0.06661702608755873
2006-05-12,445.65120252819,382.7445510070898,0.0018938062433714693,10.865242931450696,-0.0022723945816527326,0.10406663160506724,0.000127454362071278,10.680100408398946,-0.0020625592444075296,0.07392477763628566
2006-05-13,452.1245272125605,381.46829224960163,0.005793765400687798,10.347969946888476,-0.0022934804464587208,0.0935203432355799,0.004206007378547515,10.23209150003284,-0.0016453034664860374,0.08279455515891135
2006-05-14,442.3159919752011,369.7312484811208,0.007924828645602993,10.526145933132668,-0.002071146800025662,0.10910284212381013,0.0021592877962055943,11.862485326551424,-0.0016243942345228542,0.08674533187613956
2006-05-15,445.3743621202418,368.9523085687068,0.00335298602621709,10.762693562436459,-0.0024010019617490327,0.09282471115959685,0.0026591074556782646,10.789047172673286,-0.002268271325834496,0.08428512244867642
2006-05-16,440.7382558620525,382.64914280945237,0.008204384907082753,11.700876234648963,-0.0020023888615540372,0.0812820324386618,0.0009554389327518828,13.218784118922544,-0.0016294336496399378,0.092170995982365
2006-05-17,443.1924306435848,364.4361178916795,0.0016677828391745665,11.140197570906803,-0.0021193358897798795,0.09253191023741016,0.0054212082687542405,12.05309060322437,-0.0018389097632745038,0.09076358406047398
2006-05-18,431.7251494530566,366.47473862466035,0.007131333542611784,9.698957010563424,-0.0022337581824572374,0.1084749129244066,0.004211432196126946,10.28028325729756,-0.002155409337285965,0.08594547154521892
2006-05-19,453.2752684586636,378.48407120809134,0.0046940025596845444,8.216351708653052,-0.0022813179483731133,0.1151241588654208,0.0020279926564259507,8.106823569844718,-0.001787758876346262,0.09295643202268582
2006-05-20,450.68922438304105,362.06338196392136,0.00029759543351357074,11.071740769929534,-0.0017923242836005021,0.13172499507608387,0.005342780184890459,6.996947060035193,-0.0018732180457151635,0.1072657285121564
2006-05-21,456.65785998465225,382.02764815078905,0.006340032486412855,6.699288063307175,-0.0017928486579020773,0.1086376324691019,0.0012906643342426455,8.46936342060646,-0.0019142046271930023,0.08476207410654994
2006-05-22,471.30626090058814,370.41987810963013,0.00466548282849794,8.397885635235758,-0.0019103079672211027,0.10802166322035618,0.0052378522116068105,9.694560748654162,-0.0018870447584947785,0.09479041338982662
2006-05-23,437.32485213099795,365.73900771758207,0.0052423659465083644,9.28965798718969,-0.0025586569650807803,0.11391394989240139,0.01166596675908928,7.60043112299412,-0.001832087455131017,0.09846718889428333
2006-05-24,451.7987926799898,390.81470447297215,0.0202229050852242,10.278972084646105,-0.002046948974464813,0.12161844768954193,0.003987744135968356,8.409581450852125,-0.0015208766731951927,0.09045653991823856
2006-05-25,410.2808756608361,346.63182360910497,0.0026630297168836474,8.589444777318263,-0.0017776728483836907,0.12232522636584682,0.0035346517856865247,9.95713700535405,-0.001851696040152672,0.10463681065213866
2006-05-26,436.62748040208044,368.6316340980205,0.0003184859050205317,7.104451466625335,-0.0023252126343599484,0.09997739245632704,0.002286255945500776,10.467185743148628,-0.0017200926359589117,0.08454567015936965
2006-05-27,470.33765139800084,378.39540413681397,0.00216254893161586,8.570833373825153,-0.0021254440727293093,0.11843520336795205,0.0018203399674014287,9.75875453927484,-0.0019313325839145309,0.09905900304513185
2006-05-28,450.58376219118736,372.7616979670391,0.00027266277124094634,6.924669606302728,-0.002159466009207447,0.15676999155907684,0.0005979135540251872,8.145078461727813,-0.001922965853221436,0.1007817881517563
2006-05-29,440.149783632435,360.0902232621958,0.007836244357573671,8.987135850782773,-0.002124317998934604,0.14288133060870473,0.0027142296505743625,8.733816411933487,-0.0013426069481680643,0.11578087271022065
2006-05-30,416.7358933237839,374.72626609177934,0.004424985995305439,6.682272133114896,-0.0020352690178924316,0.16480422805014844,0.0024757838323599666,9.278929356715585,-0.0017116738838862243,0.11852348037633612
2006-05-31,442.6042568267827,368.29251700463584,0.0015077089791399882,7.756262035664023,-0.0016699590079072946,0.12327122726157293,0.0005242531323806438,5.894290633469521,-0.0019323736306517325,0.10606201584960084
2006-06-01,432.61342640489255,356.9070661538985,0.013398034613846395,9.137985266275024,-0.0017652636995173687,0.13104485268600813,0.0005595753962676051,7.96302196184651,-0.002137717167106649,0.10846970963342244
2006-06-02,414.22849720139544,335.0429501744969,0.002709529715262543,6.236466136266282,-0.001984873515629684,0.1298842936525112,0.0014969702439420044,8.193322025867927,-0.0017124301864530182,0.12458048264472561
2006-06-03,399.90872252434764,334.4618269170917,0.004145151868254193,8.566634150746046,-0.002385719671144631,0.13706976115425978,0.0009799899992947753,5.612011198372121,-0.0015924868592642426,0.11922182684286473
2006-06-04,411.03279827402145,337.64720314336546,0.013025227321263266,6.91255608978439,-0.0020086663326656555,0.15764209099858667,0.0033507316889916975,8.7259947935954,-0.0015969252319935649,0.10259735904698417
2006-06-05,436.8314080191502,359.0421022853926,0.0012814610174392334,8.249647775828318,-0.00195978016682931,0.1419075838360481,0.0006847715492963427,5.9368021194022935,-0.00139715894441876,0.12118808884548943
2006-06-06,386.8834083941489,330.01127198610226,0.0033094323597104573,3.9791045945968295,-0.0016677636548818528,0.127045620715689,0.004355542819411782,5.764961978864264,-0.0017206456930197428,0.13858705477524363
2006-06-07,430.69921915839103,342.13409877677236,0.0012397417088347005,4.8665331690114435,-0.0021048077726188983,0.15171639958550243,0.004911025396879787,5.018041107648183,-0.0017140697788943498,0.11477487981875896
2006-06-08,416.3896632499162,342.62424566072036,0.0048952485730605014,5.451965537110345,-0.0016915278747161818,0.1659151219860385,0.0085331377846025,6.936478412622195,-0.0017342619211797522,0.1357392323930586
2006-06-09,446.1130946139315,360.4975388317864,0.0065115377942933815,6.245522356879081,-0.0022470692780184104,0.16583976595678282,0.0012360733511092854,5.835144900965477,-0.0011265909162930284,0.13720964906608998
2006-06-10,404.13212098954216,334.830765063459,0.0005450116225373347,5.777751553590182,-0.00203905858788222,0.15513141987432344,0.010071138144842172,6.425417614255526,-0.0016753537222037483,0.10712615165846152
2006-06-11,449.6652802108861,357.2074082757485,0.003957213622607343,3.2699236503324873,-0.002247052014663233,0.15628531126946918,0.0005114585397975308,5.74670036611463,-0.0014243083862317853,0.13416604949396824
2006-06-12,395.3222741799906,321.27348087656947,0.006915455606929722,3.9799482610847616,-0.001814850299117457,0.17205667902515262,0.004174585893414036,7.251681977552007,-0.001691269929434552,0.1261149973523765
2006-06-13,397.79995908115296,321.735181093451,0.010824555538330729,6.087271096846876,-0.0016477174656771845,0.14580552414805897,0.0025943856428982453,5.215403471317802,-0.0013828587344816854,0.13191062308168755
2006-06-14,361.4057474919156,307.29832527930375,0.013415967047146433,6.725591732240119,-0.0019725173498926006,0.16432423575912047,0.0021793405720551954,6.092608250892807,-0.0012330103112824973,0.13260871928334098
2006-06-15,393.3634920390617,328.1178738704526,0.004896565834010606,5.83259084379622,-0.0018736926009661628,0.171289781161702,0.00047242356426025893,4.6785274083941895,-0.0015693005217960164,0.1337811291906252
2006-06-16,427.0809084884889,350.7661220634239,0.005816296567458317,3.52492879179521,-0.0018908674990435039,0.16463689715828012,0.002367852228455473,3.6852299327840905,-0.0013145437966186997,0.1269388868784363
2006-06-17,421.2397702779648,343.4975704271028,0.00419677999908986,5.842118530168738,-0.0018050306038300023,0.16704476854903982,0.002343148547553357,4.642151699703072,-0.0011126441719340728,0.1484323029306424
2006-06-18,381.255454123878,314.9926774122763,0.004689188228978464,4.759965384775494,-0.0018103268702876491,0.1625169036640532,0.0031463178945715753,1.7299523357822588,-0.0011576829371178945,0.14032140289170206
2006-06-19,404.2621201305587,330.2144412499302,0.005725945752775351,3.618433558603562,-0.0017800415850664777,0.18002705597898214,0.0010710145154389018,7.329226515834428,-0.0014759248226470013,0.1640575769685647
2006-06-20,394.3735152386324,326.5355905312243,0.003787635386681978,4.328638602690657,-0.0019067193354300779,0.18693051391300786,0.004161523367423046,4.512687967537018,-0.001482064164608592,0.14448215267362
2006-06-21,384.3982675353087,300.9550637651202,0.004160340232955211,3.4847481038803565,-0.00197959175559133,0.18363446907398115,0.002467413135029582,4.822790231741006,-0.0012447163902728651,0.16904795349379048
2006-06-22,380.33020071467706,327.0843491223205,0.005741192362104844,3.9032188500818377,-0.001819504479967452,0.19727134217886208,0.009254359894991486,3.445370298730407,-0.0011909194488085358,0.16923273761815405
2006-06-23,369.8227191609489,293.32659396548536,0.004536204860653281,2.9057082436269397,-0.0016066842069059823,0.19084261459454432,0.00633799792300284,4.2510060743664155,-0.0014741563276835475,0.17596884087372866
2006-06-24,400.2001790945604,322.9627133232398,0.004009816323171398,3.271191938757517,-0.0019077284303330889,0.19308770400503344,0.0005378928329822646,4.534675224851475,-0.00159401826406941,0.14915180323293317
2006-06-25,373.814974261418,316.35226359943556,0.0037089863873842823,4.263701450080227,-0.0015972967640425816,0.18205997934720863,0.004705128439158555,4.500674554073924,-0.0014570411404137363,0.15866235762483522
2006-06-26,361.26779337524107,307.82440127272264,0.003836409042559566,1.5918983406728613,-0.0013194488222162844,0.19786240310570702,0.007204524853736444,1.7941436870286125,-0.001585361177177236,0.17182758903384382
2006-06-27,389.63375633773455,308.6066130100241,0.011728034402042793,4.0364658707337275,-0.0015883844728131688,0.1950242716913795,0.0010948101065868668,6.318745598940273,-0.0009706903631086459,0.15823873378409087
2006-06-28,382.67444548924703,315.79863937271216,0.0051329387182418,2.396128998883734,-0.0018240034467985398,0.21189944134443675,0.0010165160071561646,3.534677146699516,-0.0011421153027340104,0.16534097563958808
2006-06-29,335.9647655611697,288.77491540077733,0.004019205721991837,3.779171561818271,-0.0011325289433827951,0.20409203770568757,0.00017825534414137476,3.505098623470523,-0.0011007862360885765,0.18609511013871247
2006-06-30,356.0485371232835,296.59673658968234,0.0016687939675661108,3.431452738489729,-0.0018563316441039639,0.203132251658619,0.010757976970181667,2.208446972477132,-0.0013919333734202675,0.16597306929354919
2006-07-01,381.83775316639907,299.157531841463,0.00366987264772138,3.183215903273515,-0.0014846045989223493,0.22638034663903198,0.003415335016222257,2.6503061966163135,-0.001087160074676757,0.18344438746698188
2006-07-02,396.07772998579134,317.0944675635529,0.008436865187388348,0.14883094398400898,-0.001400221844617694,0.2208967630649795,0.006855462688446133,0.6129612924513663,-0.0009702527031012663,0.1673408186329816
2006-07-03,334.2312592306658,275.3626744449452,0.0059510826120728645,3.7699552501112445,-0.0015323353861153867,0.22202946441725308,0.00021743074853320396,2.7332123668724475,-0.0012899391832609977,0.18467198634146967
2006-07-04,405.9806715766387,318.16474564489505,0.0061503399778538295,1.8513690133921359,-0.0017463749282001996,0.22022020627604083,0.0029802397228845512,2.1004755719057235,-0.0012395697517361163,0.1778188130274913
2006-07-05,341.4296893042805,276.35152726103735,0.01705621295647742,0.025215166920541043,-0.0016352003961809215,0.22811381527273358,0.001827970034764138,1.7939001637937444,-0.0013707143233921632,0.17601509185400305
2006-07-06,340.4476357217476,282.1510784383026,0.002086716640058704,0.8536149743706006,-0.0014110092453009997,0.20846648844670962,0.0038651344867234702,1.0734821376377233,-0.0014729154552696334,0.1861564482607805
2006-07-07,339.68454237799347,262.5516714619299,0.007480968557356515,0.5758156222104847,-0.0012150301895201459,0.23076298711238358,0.009579108838299951,-0.5788741937095931,-0.00122007322996471,0.1899189774975101
2006-07-08,388.1961484875723,311.6974097236322,0.0019424032141183956,1.3606040107601494,-0.0014263198319922597,0.22651594924759236,0.0004472009746128713,0.49623704227477317,-0.0008610288649314445,0.2041302876441456
2006-07-09,335.0180838485898,275.40484552062253,0.0009093183700250932,-0.4116631040834503,-0.0017030780905676016,0.2483014003805098,0.0015600539320695008,0.05748540021426407,-0.0009222094974972469,0.19201933298613555
2006-07-10,364.71908375768567,298.60614424995254,0.0054870132236686,-0.40791657780315294,-0.0013825453963349245,0.24297039406285972,3.7650206284956145e-05,1.3947146921000169,-0.0009913952277337873,0.19911903966531716
2006-07-11,339.2502324182698,269.15714224707614,0.0034391727896279536,-1.431939136331692,-0.0016243725157477956,0.22717085819604774,0.005487867257307984,2.0547056504259085,-0.0011366429422334954,0.19125360400917568
2006-07-12,351.40145415663795,285.63970749859493,0.0005920651120212473,-1.1379779935409045,-0.0013627359478427608,0.2267295025621151,0.0020585677360052783,4.773983279961429,-0.0009004641117888474,0.20888398716041223
2006-07-13,314.35501803616313,257.6502500571595,0.010057885361127106,-1.2635879352866297,-0.0012853781212678582,0.24111864664540142,0.007835121864182589,-0.8964166431745264,-0.0013148648796566932,0.21000515449976914
2006-07-14,313.127521122024,245.5767585927157,0.0024691092638140827,-1.1234646882799635,-0.0011938143937889865,0.24308288971349,0.0010264696770701486,-0.020859506680756854,-0.0011294459720792205,0.20666608520777985
2006-07-15,333.9683563226649,266.70822257868787,0.003129206239799376,-2.2510994741115695,-0.0013703772714152946,0.2473933019543311,0.004836061456132385,-0.36019432415456454,-0.0011585690842121647,0.2118404903839694
2006-07-16,324.5192730984311,272.62302762310964,0.000703837656610711,0.3489762607893221,-0.0012731216414697008,0.2518878610560443,0.001618157559621218,-0.7360819488366923,-0.0007282137056256644,0.20666269009709515
2006-07-17,341.8551064673037,285.6124854293146,0.0002959866742346241,-2.119095717644953,-0.0013488989267253523,0.27806592846907124,0.005667647690491058,-0.7370205205017568,-0.0006766499538795113,0.21201804218529322
2006-07-18,341.13321654031256,285.54318902486887,0.008994274794122263,-1.2903332993340855,-0.0012595902488081155,0.2866544613574883,0.000689879138777348,0.744878427366336,-0.0008119628050064951,0.20831412634026814
2006-07-19,337.34872794274554,268.76772400953286,0.0013094690696016551,-2.081305668119748,-0.0014923416190768658,0.2765563763981665,0.0024348286621538894,-3.3539635561533054,-0.0009775250832614755,0.2228359248339171
2006-07-20,330.03695368982807,278.9595237825009,0.012010709987941834,-2.999233079987277,-0.001175121271141531,0.2559871041747963,0.004363606365646635,0.3430764809256921,-0.0007054068544062287,0.18815614662567037
2006-07-21,276.62695271937287,248.39516936560707,0.0034877655503897593,-2.2822514761217123,-0.001189349151771498,0.2664820706634348,0.009045828850549577,-0.5325768468320257,-0.0006517239302571836,0.22070669198782597
2006-07-22,307.640804217323,250.95836292780348,0.017837787294830373,-3.17030133996204,-0.0009949551915828117,0.2652598386309949,0.002037401507924717,-1.0434767498583164,-0.0008147427671096398,0.22238181445780003
2006-07-23,337.5454983557695,281.2205512298152,0.004720762085556894,-2.6893930885892794,-0.0011417075750583016,0.27262756254558623,0.0006123697403017598,-1.56885526711732,-0.0009250545687620792,0.22787855339104543
2006-07-24,333.2467063336078,247.2638998264576,0.0022782751516819315,-2.9732521914574943,-0.001151207490568416,0.27587785494154055,0.005529306873797277,-2.4079134573401664,-0.0006629905979234749,0.22205733197617608
2006-07-25,314.4996187822683,259.256072309803,0.013683705221268837,-2.0291801723528935,-0.0010754521993378162,0.2892710370119649,0.0007321341305365416,-2.744618009178708,-0.0007557369280858882,0.21980354327087065
2006-07-26,341.0308218146738,252.40166667891665,0.003691343145318481,-2.3575552424193122,-0.0009620224169243878,0.2918047452878048,0.00561084906498177,-1.709642954666619,-0.0010853687886868365,0.2433467836895835
2006-07-27,299.902590641622,226.90995224391366,0.0037087032254806075,-3.3533695550710143,-0.0011184028288857186,0.2904105716455612,0.0028870864333991803,-3.8502220584546043,-0.0004666405563862694,0.24507094280768954
2006-07-28,300.2808864393735,240.69724224037853,0.004062147890949161,-3.616515945016626,-0.0012799653572981226,0.2889557750573397,0.0022145960127567016,-3.1968468836692403,-0.0009238942668756112,0.23045709896413083
2006-07-29,340.79069345582985,273.2692484063035,0.013074690129618712,-3.049254487055238,-0.001540622592352598,0.28979226611157344,0.007621145760989564,-3.4917907261292114,-0.0011118584271682772,0.26104776270929964
2006-07-30,281.4911254787696,245.03086665019458,0.007697407273950213,-7.2036670127064735,-0.0012978938925808225,0.28185421767504587,0.001747840064900818,-1.8827133217369334,-0.0008673234969498455,0.234315305206727
2006-07-31,293.46168709632246,254.0708054460881,0.00014821218788420586,-1.9215036339797655,-0.0010925979756897285,0.29054159017225395,0.0026161804533077174,-2.811980250956678,-0.0005864393037259535,0.23653036908350536
2006-08-01,313.3050075092619,267.6383562360687,0.0013934084859959807,-6.283547289347718,-0.0013908085227175735,0.29238217227528884,6.298793795592528e-05,-4.119149561888488,-0.0009043190390079191,0.24838383627025654
2006-08-02,274.91417338192485,231.81747304898713,0.006804538119462028,-6.286143757284142,-0.000931879525046504,0.29485439106482,0.0014720179645359324,-1.313185078005826,-0.0006446907270030709,0.25827796480432985
2006-08-03,323.01446214695807,245.38907220625515,0.002927356888972929,-4.862829451543754,-0.0009731914689848509,0.2963550432308911,0.0032494938185090496,-1.8789527355177196,-0.00066857093034348,0.26559090844843114
2006-08-04,324.46206362527414,239.40647255713768,0.012137290580136495,-4.4564905963587185,-0.0009111598730898777,0.30446742964825046,0.0017726371670146752,-3.868573500266881,-0.0005509384264031403,0.25075317022986765
2006-08-05,299.40974496618884,235.42834772774478,0.003943596871297923,-3.0220817732397363,-0.0012522993118220145,0.31063268040614705,0.009999288476257322,-5.61948717624491,-0.0006479863047087366,0.23992475051797807
2006-08-06,297.7407767964188,230.73180465514852,0.0098305728393923,-5.236544793275413,-0.0006840679323555658,0.3128612134257013,0.005842438989239204,-2.7289027395064043,-0.0010117629547427755,0.255361243489854
2006-08-07,246.70908002497725,207.62780052781775,0.00489183044618397,-4.761103026422248,-0.0010482044157529866,0.3188318113139359,0.009860491299869711,-2.0230720945294776,-0.000703053345150796,0.2523785208332308
2006-08-08,288.5752273118602,226.20902066026537,0.01138286149874866,-4.959800500467093,-0.0010191053662840692,0.3081803016972009,0.002729359066419226,-3.325344094123918,-0.0007494985311299043,0.256701790731139
2006-08-09,312.6264316340354,255.4270370729661,0.004395225694205676,-6.0318239317554285,-0.0008477860408051772,0.3213849023877406,0.002003890278002704,-5.1736042394248445,-0.00039368823228817085,0.26832206480143633
2006-08-10,269.0689770405564,217.87190565016147,0.011416532095978083,-6.080936363940742,-0.0006592129301212053,0.3163328554840445,0.0006356566184730373,-6.6734485619034976,-0.000775860154254612,0.27085904529016985
2006-08-11,255.80665762381923,205.46804835671256,0.006263241607596749,-5.206680509884106,-0.0009667635845244769,0.31801458746202077,0.0030674899964913626,-3.5779008759856445,-0.0006037890475315643,0.26166214081947947
2006-08-12,271.39317068303,230.012448884772,0.011747519161240975,-5.761715901721586,-0.0006123796174048773,0.32507176817747296,0.0020246322857578156,-6.144712173161731,-0.0008073128599485988,0.2751296356408602
2006-08-13,269.5505351974598,222.8306215432347,0.007094786106884563,-7.611744140223775,-0.0009443642224154967,0.3320453629200171,0.0011256828169091443,-4.038053378749618,-0.0007578808816160077,0.25021708453992747
2006-08-14,308.873543884843,256.506211650924,0.0002789789605330809,-9.189805130033331,-0.0012232503995029502,0.3279868097723969,0.010110648104812391,-4.9022035528233445,-0.00015616401665760951,0.28699329154739983
2006-08-15,260.3211329728174,205.94071222391176,0.005176777457636732,-5.360840674751417,-0.0008715974488707019,0.3307032628407712,0.0042093072196047075,-4.119471747705502,-4.4881490347544015e-05,0.24800537243207
2006-08-16,315.20059216448,223.0915102561182,0.011024203130261754,-7.708824636530679,-0.0006195972048512594,0.3202469064586628,0.0028995946121329838,-5.814282784847933,-0.00031512904465535037,0.2666221748595843
2006-08-17,299.4969626091276,229.91134107046508,0.0035659207911117926,-6.64703999545269,-0.0010968460142489972,0.3367396954347659,0.001310988030134523,-3.8384387422933948,-0.0005552248326180203,0.27827122832564694
2006-08-18,265.1057251621357,208.81751806954534,0.004460757359627563,-5.707468509211028,-0.001073691169327536,0.33106692069080235,0.0026753285582652416,-3.830353379527881,-0.00019140258824528492,0.28033277236560583
2006-08-19,234.35004623010857,196.00112501196298,0.02534545217022341,-9.873715698031033,-0.0009192058954846159,0.3401338240301408,0.000867799996434852,-7.010116007549453,-0.0004375483438765684,0.2702605140455127
2006-08-20,262.2685663512887,218.55356021596236,0.007844307276177647,-6.523898010803312,-0.0007805201061658435,0.3180110433992166,0.0017148583003267865,-6.669944151215367,-0.0005012465155748102,0.26932625587092024
2006-08-21,277.3455451347837,227.37676746581366,0.008938617198634086,-7.704721629559858,-0.0006235293996141396,0.33232352092440065,0.009594388528290698,-4.939293917200881,-0.00043951799722784685,0.27973922594203265
2006-08-22,254.33030355686094,210.77796791746061,0.004277168860606962,-9.214845665024738,-0.0009007771548076703,0.3379263603837036,0.002118721939647616,-6.6798867961216954,-0.000382628564701914,0.28367360254281465
2006-08-23,287.7986822603224,225.12737299948185,0.007356345582093511,-9.481027180307821,-0.0006500852260374577,0.3449531882815334,0.0036715221484989674,-8.280558476471073,-0.0002222903965187498,0.28571063080986425
2006-08-24,242.51503156211496,193.0634483857237,0.0010776049293599282,-8.732806924247154,-0.0008726606120946938,0.3335904462720387,0.0026596386933318574,-5.682769974667159,-0.0002788460511626327,0.2925299396654753
2006-08-25,256.44096644864123,224.34354191699177,0.004390759989582626,-6.575041729890522,-0.000930908956589545,0.36356855960913986,0.0015380621486169312,-8.800875824216995,-0.0005378297493315495,0.28731063140901464
2006-08-26,271.23314542069477,216.0945345400456,0.006031624509238215,-7.589108858133875,-0.0007728640251040114,0.33029107429503796,0.0037645094300040372,-6.419289900993159,-0.00034611412467805023,0.2920945258354996
2006-08-27,280.4937212691544,224.85658984959738,0.0011551053968384658,-8.486984157643917,-0.0005351720314558319,0.3552640531361834,4.733653586891187e-05,-7.449868422363229,-0.0003868045132182764,0.28228149604768094
2006-08-28,268.9768057421971,210.987076063808,0.010849598071739157,-8.59083828397637,-0.0006715819910609277,0.3455631780399201,0.002330904093459197,-7.22410274855889,-0.0005719458383237463,0.2946970670658897
2006-08-29,267.5329573904426,194.72013446922233,0.0004936378108247949,-10.102076936706526,-0.0005945084822023957,0.3503377118074003,0.0015479768839447665,-7.363398115882728,-0.0009103236522697389,0.3024954476089601
2006-08-30,299.0914528116765,227.19001592650378,0.0022477925983101226,-5.653037875085941,-0.00035148731530661463,0.34623590178532887,0.004346309760492061,-9.153876702807706,-0.00040817246089117705,0.28954725407037274
2006-08-31,282.6562895879461,231.74794690382464,0.0016692702854782975,-8.478378744275073,-0.0006246190763169244,0.33174863132451304,0.0006582148051002932,-8.457291212164764,-0.00040793784051598584,0.2682229136955837
2006-09-01,256.45765990886207,198.3296359463893,0.0005995607839680206,-8.841015308320594,-0.0009004118898360434,0.35681176036136947,0.0017897504177798451,-6.298669990989979,-0.0003467620022930293,0.29810752421673037
2006-09-02,238.73025621269554,203.42473742762402,0.0012249722147835915,-8.226785541740986,-0.00042980107685770103,0.3425978291475719,0.0001622404470326776,-7.378475097257131,-0.0004992123174812608,0.2807067615344649
2006-09-03,271.9406999456176,209.48814731648335,0.0052174311509536,-7.901446538390004,-0.0007550689644801024,0.3344019379038644,0.004077867930343971,-6.727003046579491,-0.0007586241582991156,0.289454653329375
2006-09-04,228.1192972677978,181.35390632165638,0.0031909158524287998,-9.085861931280094,-0.0008715036645846848,0.3566150542834451,0.005670347980272469,-7.415383545448107,-0.000369709546805838,0.2712971552511927
2006-09-05,277.76394484110915,198.86035367619337,0.008475069301908182,-6.808339731152699,-0.0003373288239930408,0.37214548502412714,0.0009586123200052444,-10.11167360215968,-0.0001589775908168211,0.2999692383773775
2006-09-06,253.45443908590732,190.24760273515247,0.006811587646642695,-9.606460036194933,-0.0003818606709711786,0.36730997015177674,0.002319486071516682,-6.793869073779873,-0.0004699551355689147,0.298158896467789
2006-09-07,242.4175341326262,199.4758892846243,0.005158711615696532,-10.219753690154333,-0.000565279549227068,0.3577703452739707,0.0003317837608905377,-8.755034630676056,-0.0006464541688830192,0.2990806096106041
2006-09-08,259.1745852738421,203.19016404907666,0.004330919979350992,-11.846653994377043,-0.0007227060559414196,0.37018431921730566,0.00011257717205582424,-7.119665724423366,-0.00013518863894972064,0.29509714183875424
2006-09-09,229.255602985163,171.4736999367051,0.005787908137410556,-9.46805893533137,-0.0008135077820706044,0.36484238648237644,0.001086402198123796,-7.348781331104719,-0.00019492357738596475,0.31132087229499766
2006-09-10,258.55493676207766,187.1785045173755,0.0145777371811959,-9.901149264038061,-0.0003989484593585583,0.38274152903746295,0.00095031989495192,-9.483505255484731,-0.0006206715193702464,0.2875913090634848
2006-09-11,253.09938239553622,205.14081982699574,0.003233366674400948,-8.590327834660075,-0.00046689227683985334,0.36020700998897753,0.007753466752775433,-8.991203521702506,-0.0003885458696091466,0.31320440802788424
2006-09-12,238.6032756606512,204.60346691234136,0.008191973503032085,-10.049048625148266,-0.0007137559016995776,0.36818590464144646,0.004247737994195885,-10.548364924792075,-0.0002482760373541149,0.3154328085776556
2006-09-13,272.4732072291968,221.93467535604492,0.01384397833675586,-10.828899614081099,-0.00011293852144504197,0.3731343079268979,0.0004753923752359243,-5.901781652728705,-0.0003102793508430982,0.2982500798956925
2006-09-14,230.91837516199448,192.74754899764267,0.018876151627026327,-10.599915126617061,-7.840427221516877e-05,0.3656614650360387,0.0026092192717195855,-7.407194417057293,-0.0003668284065987837,0.2980134199035231
2006-09-15,292.29729739645285,228.7848844415743,0.0004383706075965152,-10.234067708558795,-0.00040435504634445856,0.358717355549027,0.006392795335004735,-8.069703399773566,-0.00069453672380627,0.29933072443871395
2006-09-16,269.40656275629544,225.10085844723605,0.004292246339000857,-9.92313054174543,-0.0007336038655836776,0.37515784566031096,0.00300913965449431,-10.897664471564768,-0.00023037160365896374,0.306993365569938
2006-09-17,249.2502190947273,180.81951048513923,0.006882674916819924,-9.100141424055115,-0.0009305677144464332,0.36227800472100596,0.0008729109120680528,-9.808508093938617,-0.0003463653186310191,0.3096760483153062
2006-09-18,282.7593646725354,214.32320548874713,0.0034890190547294435,-9.32001567439909,-0.0009674751421337956,0.38392867081438625,0.0007666978481925999,-8.713395168243673,-0.000336911114215566,0.3025008851610242
2006-09-19,262.5625930775463,213.65583171971096,0.0023698027004592304,-10.495665384805603,-0.0002805495516526663,0.39202211639177437,0.001292611992966662,-8.637200012001433,-0.00043340449019173695,0.31236867855679545
2006-09-20,264.76915431469564,207.57518114323744,0.012200951615749687,-9.225805854260809,-0.000584511118843849,0.3767338555533874,0.0017408249728836313,-9.88451116767371,-0.0002857975833596567,0.3084435148436431
2006-09-21,271.1220018293723,204.0734064788034,0.009971945096932526,-10.133219433407934,-0.0003625015523781716,0.37816717661813676,0.0026973911091529245,-8.552847594902564,-4.838295917117795e-05,0.3120027753290811
2006-09-22,255.4081386107673,208.70878185792557,0.004006565370362165,-9.642401315375562,-0.0005888883651904276,0.3905549749927572,0.00023122506409130125,-10.717755517046106,-0.00012744601462678925,0.3107678945770761
2006-09-23,256.552474522477,198.8024441905477,0.0011817461823604894,-11.461909699240223,-0.0003493343022242294,0.38018973111043924,0.007901394819879354,-8.696993194873226,-0.0,0.3073657705236708
2006-09-24,235.7437308527771,197.47619738090813,0.004169073991005618,-11.583485146716509,-0.0004324725981410803,0.3730338890778165,0.0017107020668322146,-7.569367361745171,-0.0004932759311813105,0.3118335148465137
2006-09-25,241.59732228722564,194.79920177395314,0.00987926113171471,-11.043184202962204,-0.0005675570682675356,0.37676429024808744,0.0011194419702823862,-8.46343348749346,-0.0002766741366520441,0.3349482272606614
2006-09-26,258.6587834893265,201.55539181222102,0.010653267306394333,-9.290999380952915,-0.0006146612541492227,0.38154232980564917,0.003856743080185354,-6.956922572850785,-0.00020452544486235108,0.3012584016993042
2006-09-27,266.6601424345042,185.20502494408015,1.4782753164993295e-05,-10.077772765539454,-0.00038351641292892345,0.4057871765607115,0.007776963310313064,-9.944337956513023,-0.0006287510155377001,0.2944429926419081
2006-09-28,248.70882516319503,196.0651440342688,0.0006464293431380509,-10.712808347441346,-0.00042166658176640394,0.3660960894284706,0.0008171896036292158,-10.245244694374023,-0.0005446723721500666,0.3085358796514301
2006-09-29,216.10496526507688,154.3094894782654,0.011897231240788154,-9.864111997683695,-0.0005896291735680211,0.36636551574586884,0.007761483808060667,-10.463483130712328,-0.000520677724576254,0.307040767012855
2006-09-30,232.35920044154952,179.78653557987312,0.003883983369533026,-11.444558201288274,-0.0006495377666713973,0.3986965173945308,0.002500518158262748,-6.859387601209873,-0.00026173712624508465,0.3081818373802957
2006-10-01,251.64535364729142,191.14308230693646,0.0008822621191930383,-10.782977776863198,-0.0009548553513919467,0.36439422051118875,0.00163811208407987,-10.008198222750654,-0.0003663680125991406,0.3116186814188556
2006-10-02,254.93689875123496,206.7329224595186,0.006872065611202725,-10.344813531554136,-0.0009377980904103748,0.3616430006344218,0.010491731787708552,-9.819183533756604,-0.00025000731589352863,0.2943763544154787
2006-10-03,260.58240918595436,197.15783960010612,0.0017620971619645908,-8.989290972459585,-0.0008328535505781934,0.3941243896877921,0.002895307342456768,-7.07088670554729,-0.00046184116186733795,0.3119069990549792
2006-10-04,231.9640959309046,171.6380262291545,0.0043969840255404,-10.719339957057462,-0.0006594007509264004,0.3924768831709041,0.004093340915421172,-10.530170490498323,-0.0005330658799055285,0.3160960837216207
2006-10-05,235.8010156221075,193.96645164751655,0.003742880316906066,-10.987429188926788,-0.0006128457375968353,0.3822351150895573,0.00128458416529875,-11.242733638703195,-0.00048770610618738643,0.30050368440197833
2006-10-06,248.82072957344303,176.02228552537863,0.0026672110228435587,-10.830481513337102,-0.000706356476239942,0.3650449966962677,0.008461456317339197,-10.331611720771818,-0.00021846352952486505,0.302096110062538
2006-10-07,237.9740031945087,186.66740815705234,0.007301129999878923,-11.65123683394298,-0.00041578707550240216,0.3780199982270832,0.0005370443743134672,-9.547888056857337,-0.00016369350815504367,0.30275733470851096
2006-10-08,216.33696679383604,160.98497715606396,0.005716672555992837,-10.673936382158375,-0.0003353408649050388,0.365559922202911,0.003387929269341637,-9.235351944671445,-0.0006741381843696926,0.3014545723598073
2006-10-09,234.15319149439227,192.04779178992436,0.03023034001849496,-11.031872372934203,-0.0006857955083295797,0.378460670341105,0.0001604115161599357,-8.925909427056519,-6.843386190626615e-05,0.30324565600477055
2006-10-10,228.38858951690477,185.64120723617768,0.0063300012015881585,-9.159391777867418,-0.0001858584280544948,0.3734082195619356,0.001361398960372727,-8.975936856440915,-0.0008970144453979169,0.31021768676398603
2006-10-11,242.9791849413805,197.58371622028744,0.01629756839223784,-11.192999037937943,-0.000631232886943005,0.3773229797464552,0.0011304284275743643,-8.523028031583923,-0.0005349799824302574,0.31251528652942434
2006-10-12,234.2069092747646,176.58832244003725,0.0021575362542644062,-10.432431160270548,-0.0003301546709540112,0.39171175125161145,0.002869187736168489,-8.785520586133373,-0.0001982895898331502,0.30645956797390383
2006-10-13,269.9992404937587,215.3274911949146,0.0005444254457819485,-9.898792585294313,-0.0006723369264831974,0.3767395377721814,0.006263939478348634,-7.448661227499706,-0.0003909234312050414,0.3158360801498811
2006-10-14,229.67921058952754,199.474358222083,0.0036898294603202055,-11.851496065878285,-0.0005711552831868484,0.37429901622820666,0.002566108117836279,-9.330074747946934,-0.00017545281570772181,0.32177843643825105
2006-10-15,243.5161288073899,186.73906178375526,0.0021381580654430726,-10.348885143112815,-0.0003082680637359232,0.3691334818583438,0.0032230412723756965,-7.637751273797873,-0.00046513551738558857,0.3092948031637932
2006-10-16,221.75910159594034,169.5619046814805,0.003854172640505206,-8.56390745638843,-0.0006282284402427023,0.38264241929139853,0.011719276093779457,-8.418832768025226,-0.0005199329157772007,0.29010429203615073
2006-10-17,259.8662867310373,204.44830589224972,0.0031252885944358815,-10.140535237881664,-0.00037563636254063775,0.3884691640661988,0.0014977807199189606,-8.815841933824725,-0.00014247661915429882,0.329742916618767
2006-10-18,242.49784550917704,195.51297725598283,0.006612539211703533,-13.221379865462444,-0.0009879262158866168,0.38381031656643066,0.0002322675262793129,-9.093340292476686,-0.0005019641395317836,0.28124991567030266
2006-10-19,276.99276286316524,215.2725447589513,0.008252614067850179,-11.534203169764591,-0.00041306941144654904,0.3693502233035532,0.0011725310568632364,-8.566537809253274,-0.0004024685496850311,0.3015510888951608
2006-10-20,236.8899344015814,181.37834758671903,0.002321456390492837,-9.504353693719658,-0.0006001135728821964,0.38461431349305236,0.00129634912958756,-6.32553433554322,-0.00037597831650530077,0.3042044105568927
2006-10-21,255.05808868964513,197.32861483099393,0.006562108110005147,-9.67584359337759,-0.0005185942148176582,0.3653437120631901,0.0010815753356145416,-7.875973285455023,-0.0005162886658499918,0.3088629374396201
2006-10-22,231.13425355865706,192.1434742070151,0.0054827727440455,-10.438225101114554,-0.00047280560808667896,0.376717225377004,0.0005990427473551157,-5.124656056407858,-0.00041220017710607795,0.30850645920106
2006-10-23,226.54483033323837,178.23881272084162,0.004929690263973963,-6.898593636726524,-0.0005937891096567381,0.37404334832969016,0.0028723819652765586,-9.295179795943598,-0.00022163731353135662,0.30267117180031533
2006-10-24,236.16526235197986,194.40119888602968,0.00046725748189250924,-9.584966867008257,-0.0007309293258638877,0.3740786087874981,1.721281424254595e-05,-7.062635673337532,-0.0005625233746178228,0.2926071558698394
2006-10-25,241.4004691303744,191.40341714800843,0.003500402159250178,-9.428229574845501,-0.0008079423588810886,0.3766029308811498,0.008707844201052691,-8.880304392498939,-0.00039048151043974953,0.30360277853342493
2006-10-26,243.38543280366767,196.20675834005445,0.01055237027678016,-10.120005565140461,-0.00016480751740470225,0.3817928551121777,0.004953797183567015,-4.9076873513772075,-0.00032743862616075496,0.29822957299351494
2006-10-27,262.4837017530841,202.4004698046906,0.015539895305096538,-9.541481717247247,-0.0005840276408388259,0.3679599796008856,0.003598134373456111,-8.29144791751647,-0.0008611241252349851,0.26731508226862977
2006-10-28,295.6892891429311,215.99662692034494,0.0012005740251668992,-10.206716800056007,-0.0008894242587850561,0.36429091154396837,0.010415530098087614,-7.2317899514111925,-0.0001839155324021587,0.2871677543727683
2006-10-29,243.86186626910848,184.49635024010243,0.00903280840115225,-7.406052070645755,-0.0007703683588528843,0.35709547778850576,0.00030613023730086353,-6.567184114497394,-0.0005582418540655527,0.29716955441024945
2006-10-30,241.4817189828965,198.19919333686462,0.0028143065863030464,-9.255620790113907,-0.000606548277199404,0.36513340510160075,0.005642055279040976,-6.978768474045024,-0.0008284660920625676,0.29956647938678227
2006-10-31,254.3095774247134,202.16403100359835,0.002378760080042342,-6.914222871955948,-0.000638896515149271,0.35642934316352437,0.008683598471935911,-8.026854788711072,-0.00014916029618947503,0.3116726741453858
2006-11-01,264.76667065329855,210.1048486091838,0.0008968372676887386,-8.992967038443423,-0.0006033469583551835,0.3619422849831439,3.2683155760465885e-05,-8.276475805760485,-0.00033324567757264645,0.2815511822644139
2006-11-02,289.2991431864768,217.60653580495466,0.006297399896493962,-5.626796903385626,-0.0004118683589824084,0.3497615315206551,1.2480945873173874e-05,-6.604339296272831,-0.00039458704060804645,0.2882896929185734
2006-11-03,249.74200607484826,199.51462995831503,0.00048642340365061417,-10.739345595289594,-0.0009285798346804602,0.3616282431478564,0.005417530431166531,-8.586789858327881,-0.000267723497265139,0.2989531716564977
2006-11-04,265.8583270284798,212.39168024400112,0.010270000941169592,-7.447217588151866,-0.0008134512934014307,0.355518921837136,0.0025484446770145303,-6.947768556026976,-0.00024562215701605427,0.298553241292659
2006-11-05,258.79202202176515,198.1810353249295,0.0019685975605438456,-8.867579891474197,-0.0007810624304037106,0.36253732990811194,0.0038854069410818666,-6.8890640043091125,-0.0006597660312684148,0.2892749819853407
2006-11-06,258.0498795494639,203.78975644378946,0.005024788893351357,-8.757105789496844,-0.00027129649887397894,0.35422198541676203,0.00036005081678077707,-7.179356134565895,-0.0004762852057896857,0.28376954179350605
2006-11-07,270.39001720801224,229.56680303566705,0.006367494386771073,-10.499488548707157,-0.0007870906254385607,0.34707674073870576,0.0005847681849256612,-8.692562577464628,-0.00016442041710113388,0.2719217883549148
2006-11-08,289.0609553973748,226.95913168305094,0.0019971469535923956,-8.98615886000654,-0.00096601776452208,0.34430785304758516,0.0069773080704460646,-7.3079317579837335,-0.00040364294178788136,0.26708059247746574
2006-11-09,256.68407966367215,197.83255013719213,0.0034121528854319945,-8.254719920270883,-0.0006440421864559575,0.3389960281910995,0.0009035289401272139,-8.997086642241388,-0.0003944568555759335,0.2829017699802413
2006-11-10,261.61999872928214,222.35526552833386,0.02720571848214899,-7.451709372387206,-0.0005601259612861111,0.34547142026823424,0.0012790398865568497,-5.337064926439323,-0.0005441993771640064,0.2878703446147537
2006-11-11,304.3114390056728,237.46108901190505,0.0031513615955339864,-7.377751990602367,-0.0008290693078608621,0.33926270465603153,0.0028344376825370607,-4.8694385005693155,-0.00036752399411834854,0.30421728808234555
2006-11-12,277.17957536116336,209.8575396909682,0.0011212405218754143,-9.151215232483583,-0.0010461158113189344,0.3395835740353257,0.0031218599655786373,-4.904030482591877,-0.0004172062651126276,0.27345774830746444
2006-11-13,234.65167181322417,183.51389510149704,0.0039026084479543382,-7.739035395024895,-0.0008781464355709563,0.34224456720928303,0.0006447549806778319,-7.274402040217853,-0.0006457852201374966,0.26297094174655095
2006-11-14,266.47335025496807,208.99941676463249,0.0006715497807831628,-7.874972062660227,-0.0009730059614406304,0.3282896845850251,0.004290149070287674,-4.371156827173298,-0.0003904683769655247,0.2832699539405374
2006-11-15,277.5810956871317,221.99819621500484,0.0054437912579966274,-8.750784492326156,-0.00036893343403048777,0.32692397920424277,0.0019454596547418376,-6.13163910466551,-0.0005718413815146126,0.2722816612727468
2006-11-16,256.0640805255308,227.44634409236642,0.008104777120139151,-6.352537132099167,-0.0005634451958231665,0.3295892049530435,0.001760927422463329,-6.121309033110515,-0.00045594692102746045,0.257336714676813
2006-11-17,280.20051240249785,233.7559737019746,0.0059555618477032295,-6.503559853434024,-0.0007832267039692124,0.3287154277365879,0.00036259937772236404,-7.341165832155443,-0.0006879200932039403,0.2734633745313177
2006-11-18,320.10217392727924,251.4321011832702,0.002211825442195071,-6.843507705761643,-0.0007047554802964612,0.33021096651437426,0.000883561194170986,-9.13075761546048,-0.00048822295818767847,0.26462706698796806
2006-11-19,277.00056174570534,238.37587868949754,0.0063942213158238274,-6.929174526500426,-0.0009106228844995103,0.3409085608750052,0.003986171266044981,-6.082277869316786,-0.0008076628811755566,0.27424858402484087
2006-11-20,322.02500796652936,255.04230254890288,0.004264913616423045,-6.306815488484956,-0.0009345357978570893,0.31561871471877356,0.0014916194149236373,-4.24418527509087,-0.0005646246857614807,0.26555252579580313
2006-11-21,298.28050711364864,228.92066956169893,0.006424360283554868,-5.382486313423024,-0.0008145936665882878,0.31202935801630005,0.011362569682511281,-4.647566750824931,-0.0007763520124136721,0.2750853620046919
2006-11-22,277.0981377785775,219.971732901837,0.007513478009570459,-5.233394919463736,-0.0006762682139548579,0.33068766618799683,0.0026471695047357666,-4.008052911360446,-0.0007061015441927843,0.26234164952828953
2006-11-23,258.3408187886862,200.21817837894147,0.00481031919310875,-5.415921330727152,-0.0007403544677160537,0.32144499195445925,0.0015648136704731444,-4.902531396866801,-0.000664797453925912,0.27875789964663156
2006-11-24,273.44638140537927,207.05864451132908,0.0010995666241231817,-6.8518946566168815,-0.0008941298171991386,0.32583565887951466,0.0008830596831517569,-3.474995690035364,-0.0004863931645389167,0.24267042724797613
2006-11-25,285.089977092119,233.05902881182462,0.003787278087312447,-5.070822080652608,-0.0008142772684863863,0.3310084390752218,0.00847804692431663,-4.945759728470819,-0.0007209474969793556,0.26285353918757226
2006-11-26,312.813567789113,255.90472109935558,0.0011338246532539135,-5.9412593562193505,-0.0009027800351505083,0.3214323969235073,0.008415002627594875,-4.543227523653555,-0.0006944847540031376,0.24881994123779658
2006-11-27,296.7058224520915,234.88854124316012,0.0006726213919334254,-7.194917134377388,-0.0008268776917760303,0.31478089280808275,0.007720251057089532,-3.086806899353941,-0.0006184128580779549,0.26830218133121814
2006-11-28,317.1896659061232,253.48024148853625,0.016757596966809316,-6.960827409391529,-0.000866391087264511,0.3167057242218955,0.005204921829605663,-4.027527649889237,-0.000783761153318655,0.26855647284586126
2006-11-29,308.1409885096878,234.06186181237325,0.0032706061709986745,-4.967031130964855,-0.0007364088862749445,0.31749519756970745,0.0007192260758905191,-3.804346366297359,-0.0006767379723106685,0.24979281410059895
2006-11-30,316.7969522471177,242.75778617027342,0.0021995926670022796,-5.170799689033245,-0.0007871295311821719,0.28577517719566004,0.00021574796321837463,-2.531252946814487,-0.0011394981638690677,0.24129729871502228
2006-12-01,309.9019683714658,248.2458352735308,0.0018209671924872125,-5.261751313951712,-0.0007101089116226594,0.29741244966627917,0.005982590372595798,-4.12260276275322,-0.0009688854827277936,0.2428583655351665
2006-12-02,353.9898912935963,284.84177025518215,0.0020425178308369177,-4.829303390532146,-0.0010995937928842665,0.2844306676692015,0.00504298244633738,-3.820307874015561,-0.0007385882479870812,0.2575252394114518
2006-12-03,293.36350708987254,247.1821287727704,0.00512932562334758,-4.455713380579559,-0.0008681197915203994,0.28939918454000313,0.006667633331217722,-2.9470868279151747,-0.0008868767584801636,0.22623567541795278
2006-12-04,334.5580042181005,277.90987727416797,0.009091503474700849,-2.30107931156583,-0.0010307968251800186,0.31405561089878753,0.0009379293469092897,-0.4297613617606042,-0.0010499352135350504,0.23330533579523555
2006-12-05,318.04612791627795,263.75286293729346,0.009896830014129599,-2.9766238300586947,-0.0014071549996530438,0.2899110422676341,0.0016126526387556085,-2.959298599692205,-0.0007095773565843149,0.23577491686191232
2006-12-06,306.1816416436303,252.38690156703797,0.0018110474132487034,-0.28605471446154374,-0.0008819395555895304,0.2812250550337202,0.0009336434998034729,-2.0066097174081707,-0.0006019863163580991,0.21897638068576258
2006-12-07,297.7645853598613,231.5492777316013,0.006949511518948889,-3.186379816881844,-0.000615195616276591,0.27989856539514624,0.0007680374892293651,-1.4164702616508134,-0.0006661481233807892,0.22234705002153926
2006-12-08,309.6120497969397,254.16763446635045,0.0044472184494635195,-5.5515564931660375,-0.0008810119910388103,0.2727638687598777,0.0028198186478117174,-3.2705653563054184,-0.0010243842504140796,0.23127177026454301
2006-12-09,300.90398394462045,249.85067350776842,0.0038262125460546506,-1.509962513642644,-0.0007014298040662967,0.30760837795237195,0.0010644759653202307,-1.5158348901594132,-0.0007455783105674043,0.21883815476539722
2006-12-10,301.0247492509977,250.9772449576849,0.004178808807553231,-2.2989984374452086,-0.0013926694545520295,0.296234510404659,0.0026565647064389765,-1.6643660763373735,-0.0009818013339525059,0.2094201900706292
2006-12-11,312.49268693033736,262.1805868763413,0.0014970386677687264,-3.8748107666461387,-0.0012702534189361608,0.30796225734453603,0.007227526594093761,-2.909737505832388,-0.0010544465658994615,0.22704406887507086
2006-12-12,319.345071390385,261.1515125405816,0.004489489213396243,-1.165523688018379,-0.0013619391369062716,0.2658774745243115,0.0021373748505058706,-3.1074785100473203,-0.0009064378182468518,0.21194764143705283
2006-12-13,352.0091713138648,279.5656156418853,0.003860393678323913,-3.5501316685664426,-0.0008950105997643804,0.2731061104222091,0.008757431496728963,-3.163621327121307,-0.0010401657790400387,0.22799569883749554
2006-12-14,318.78337490454254,248.09009651983556,0.015349561977177422,-2.9278144860513096,-0.001017414012833496,0.2619765455606264,0.0008790248799559532,0.04355875705193424,-0.0008099857748032806,0.22460429323366476
2006-12-15,328.766601185674,266.99510314269605,0.007173282098019832,-3.126672306588948,-0.0009705209394795915,0.2690598394446389,0.004304812464083798,-0.6273517906990067,-0.0010709933673516444,0.24852403815512947
2006-12-16,319.8971341453973,266.59398379699616,0.006030488829973396,-1.4625472046068715,-0.0014395159016204985,0.2593964519354755,0.01389014598618654,-1.368045748327459,-0.000601469430039959,0.21502207508940882
2006-12-17,344.5648290212893,260.47708528668454,0.006370376814998543,-2.8996180139741714,-0.00130467999537495,0.2602915568739679,0.0061935760250953695,-0.6711714414055951,-0.0010465378124978335,0.21047542331862892
2006-12-18,323.52176826736667,271.10084992083824,0.007123327734343609,-1.0861765046775458,-0.0011187312043639225,0.2394183817900495,0.0046050961877708504,-1.0648327461605618,-0.001137866353141327,0.20983796892918488
2006-12-19,324.6563333913382,266.9839859064982,0.007282792581301478,0.5690974158934541,-0.001413388116342701,0.24761121359981092,0.0023021444516616077,1.3268840619630575,-0.0006538186909615348,0.22053332878719825
2006-12-20,354.4024194158903,281.3818358419414,0.00093871139068598,-1.3813891946535846,-0.001399444732695925,0.24553780417284463,0.003590866851282622,-0.5775329110043288,-0.0011829809524083199,0.21052661234722847
2006-12-21,373.89980911635917,299.6000833406515,0.0017660668741137277,-3.673841642338304,-0.001310585391753599,0.25604253086476125,0.0032803420112492887,-0.3514598598546541,-0.0006660618685171871,0.2099603632180416
2006-12-22,300.22775861086956,254.20255558287974,0.008365878580395792,0.7109935862211509,-0.001242196008451649,0.24850153775138542,0.0038466270546166146,-1.021572669147197,-0.0010269520155449822,0.205368084946586
2006-12-23,345.7498696281614,285.6189963564112,0.003937757247684544,-0.6869324752357524,-0.0012841154874240126,0.22782040367326237,0.0006059773000206746,1.6791155091352121,-0.0011669856145223776,0.20430069765595835
2006-12-24,342.6533227092424,286.3062359872337,0.0010293336386186546,0.0007949269699785155,-0.0013157462278117135,0.24191654043213465,0.002172255868475791,1.787730004240672,-0.0009825153921942595,0.1928897405029538
2006-12-25,351.6043880231225,290.98924161539315,0.0007116023351444905,-0.6903697012263773,-0.0012315524981843249,0.2338149191559015,0.004040981005581066,1.2768568882024893,-0.0008302045304339691,0.20064905704264843
2006-12-26,328.9958757196504,267.8362465515885,0.0010365718136764606,1.2119868513465497,-0.0012392645758347262,0.23224156248814218,0.002905198400480233,0.5656995124378785,-0.0011477280384533826,0.1849021926157578
2006-12-27,389.8725832300943,310.65478417296424,0.0015214951596556065,1.1600625217118337,-0.0015549128468452067,0.23642039444284196,0.0037947302022864294,0.9987563732174848,-0.0005596588446690797,0.1954441691592393
2006-12-28,375.63373870958867,302.0233421050358,0.009123996191916962,-0.9023193452974492,-0.0016819915719226495,0.22101849242738894,0.003809767060814062,1.2514913178162372,-0.0009777767187901826,0.19263508843079444
2006-12-29,360.8784857057646,290.6421997702389,0.011214964457914053,0.4313725881115634,-0.0018233000387302921,0.2443321811559757,0.0045089678963926684,2.3384504845014416,-0.0008142491039179356,0.17615271420414602
2006-12-30,347.702629598529,295.86620533975133,0.024487294016835418,1.0078172510568075,-0.0017453711603199465,0.21626123602205835,0.0011899655150913488,2.9207177311336947,-0.0014006738978049158,0.19495089084838105
2006-12-31,362.2576665602648,303.68000182754264,0.008956226273377547,-0.4442733566638426,-0.0014771306998510297,0.20481454713035155,0.010320894023430572,2.7462468718402406,-0.0012419132728941492,0.19195115663027493
2007-01-01,364.2956959798933,295.6637103445841,0.00154351671985022,2.8664402181984947,-0.0013377022787175595,0.2099774348628428,0.0015844646107327333,2.1374604318866135,-0.0014479447835340775,0.18843950685238645
2007-01-02,358.1974603159499,295.5418200536229,0.004664700930380624,0.13000794666859816,-0.001524369126798734,0.2191654442857415,0.003350201954752768,3.823331524716531,-0.0012212153945112688,0.17108116272717616
2007-01-03,412.73154172511323,321.55339577383927,0.002782274747454241,4.640372357818553,-0.0020295375940088604,0.2211551193946594,0.010530649428588817,2.184982241818477,-0.001088112513929223,0.17125603308750548
2007-01-04,377.72549569865123,303.7905813881875,0.0005636254468322622,1.4796257654394216,-0.0017091714617462111,0.2025844826872817,0.001153915817652485,3.559575029309148,-0.0012698206506522507,0.17601733758556007
2007-01-05,372.57536357633387,312.9244728767031,0.00996774155320203,1.7647941681989483,-0.0016286179741904817,0.2038314452495548,0.003134452562162138,2.015198083076907,-0.0012193201684000585,0.16770838647351438
2007-01-06,400.9594716740127,320.56283522208673,0.00779517761353505,1.7172992951897128,-0.0014103228639182914,0.19831042130873305,0.007277954190438194,4.6115257873204225,-0.0011578125706951739,0.17062931972646087
2007-01-07,374.0076252350016,295.78766210481416,0.0030524933001129908,3.435694507833487,-0.0015962328997516666,0.2046985425784193,0.007196048888876385,1.2316063780237023,-0.0010824946127658119,0.16189111053368865
2007-01-08,357.20674486637364,303.32932678379154,0.00713058396230258,1.1781725770854223,-0.0015700887651025985,0.19025897700872763,0.00023731424312153584,2.9546353726603822,-0.0011947162468392543,0.1587948720204712
2007-01-09,404.1247351301093,325.0363753694399,0.0024467728855408974,3.65934809090092,-0.0016701980807599724,0.19600918799465433,0.00039245998823776013,0.8719821509296235,-0.0012789702133874134,0.1647816755541361
2007-01-10,391.37487967396197,313.6241091398416,0.00204922562895301,3.0968347134378797,-0.0016370418974733945,0.19880714007774888,0.000640265989817983,4.485031585526051,-0.0015304607748807932,0.1598582573549506
2007-01-11,401.9265278388882,322.9451143300412,0.0017158160134306654,2.7238861838861173,-0.0016195563816808552,0.21785903309183965,0.006980876542381002,3.1222598312167875,-0.0013613161917944492,0.15337580856782104
2007-01-12,389.34053313786154,311.0399310605181,0.00893536377607012,5.664168041149022,-0.0012469052816956136,0.19741458246304236,0.0008933540116945344,5.777069444593692,-0.001347578464837999,0.14181538140195404
2007-01-13,398.7348802469101,339.53611211021064,0.0018147255319651326,4.7412449219869455,-0.001684454150908113,0.17769763499312372,0.0004901160597402495,3.7903910008387345,-0.001123549225497825,0.14430811231727858
2007-01-14,379.73306237057096,325.2691843474136,0.0071735575394904,2.9921796593936696,-0.0015012569288061998,0.1968895833657764,0.0030663689865618187,4.826193324366356,-0.0012390207952429591,0.16045446170066635
2007-01-15,394.2701716254676,329.3090704298922,0.004954306074462901,5.068627540379888,-0.001495544818680764,0.17246702886348167,0.0008262806545902389,3.9684684177391603,-0.0012926808697018614,0.14178212616027683
2007-01-16,412.7849565335333,341.0783753991678,0.014226268025754066,5.6494639691050175,-0.0016732047825168488,0.19000080944963557,0.0029104445160997683,6.435093939908652,-0.0011959424977627956,0.1481258387116095
2007-01-17,397.99953654414884,317.44679063575694,0.0037166183652500707,3.583174630280089,-0.0016727769723276498,0.15897472070661348,0.003957720882005402,5.695630292469761,-0.0013208161949187836,0.14088294766463316
2007-01-18,379.66217019733693,320.5314540125533,0.0027228755980390155,5.423426115018365,-0.0018426904067463201,0.18515578490306908,0.00435752236148756,6.1820552429069515,-0.0016637252196243224,0.1520256281048034
2007-01-19,404.7445505780594,327.74019666834164,0.007765226145923859,6.09463622907699,-0.001873759991212033,0.1889652754088891,0.005691135843088229,4.2347776641053985,-0.0011121099269504383,0.15554507551476754
2007-01-20,398.8366722532017,354.0031194468781,0.001873713738188926,3.965506325307045,-0.0017321381891370472,0.172531454379216,0.002012006841510146,7.782244091446838,-0.0012082703345364944,0.13568394910806203
2007-01-21,399.8256311294333,336.0788699989266,0.005665526335954747,4.765629673599978,-0.0017749842780093632,0.1732888966467265,0.0032167435294864913,5.188166854196224,-0.0012497997223770247,0.14135789488111655
2007-01-22,401.91282852712703,347.28983701034116,0.0008873014698150151,5.5750425350092385,-0.001867197550060487,0.16623438569747284,0.001978794369457313,7.2204322446359175,-0.0015105534010254839,0.12208623245721813
2007-01-23,433.22220463831536,351.02996551695156,0.007546460177736439,6.9939674677962,-0.0018627719996823016,0.17558058512431568,0.003711148629884813,5.678191976185672,-0.0017076610104303385,0.11744768598202086
2007-01-24,400.04962353747237,342.6128357749238,0.0006057346688257528,5.5084087060014095,-0.0020575689538738966,0.1624022359352944,0.010596666336066122,5.682080535219372,-0.0012740820016918987,0.12029822963068292
2007-01-25,416.69678649339494,346.8348313627998,0.004972547864742128,4.780932513545408,-0.0020635543445984756,0.16441469460305216,0.0018535646485523163,7.878897107442964,-0.0015473722737869915,0.10496808221069845
2007-01-26,420.1066532900906,353.59861535915707,0.011296397456216477,7.232237840904198,-0.001920059958795865,0.1652366425059716,0.0002623979628978584,8.719598388975918,-0.0017347901230324158,0.12238401720036166
2007-01-27,374.6775986080788,317.0696656743626,0.0073504703011797136,7.544073151011365,-0.0023619406482906762,0.15128045897588474,0.009197604812055721,8.799651789678851,-0.0013647379746494078,0.112487779531988
2007-01-28,398.29837135861834,333.2881448570515,0.0030986030550594246,7.045910789967673,-0.002308169680759881,0.15882224782940876,0.00023765437029035595,7.8426157096992055,-0.0014346980404343565,0.11017401727860973
2007-01-29,422.142291543214,353.39836223218515,0.003123785621754933,4.299290531155375,-0.0019196064064673786,0.15415025650887373,0.006188817496177211,7.891359200474491,-0.001673630019104341,0.11480056066270945
2007-01-30,408.60705144875766,352.8945093628202,0.015075765190404973,6.542833752260377,-0.0020925844707113425,0.14741629774593257,0.012262864432182843,6.772125007396835,-0.0013823095466234038,0.11919049190697688
2007-01-31,428.1906863216184,356.57430120183585,0.007794774989103087,9.261940616865052,-0.002104735961015156,0.14611501360414325,0.0021126038307304473,7.4798539493612815,-0.0017160085788975816,0.11150122858775682
2007-02-01,445.44021531107563,368.9955381371412,0.0017190730496918951,6.437163394959236,-0.0017023224681338295,0.14104763478150234,0.0025000954431480434,5.784207427589746,-0.0017214237321491015,0.11245633275358687
2007-02-02,401.74504672381846,339.87340163364763,0.0028745341598900753,7.773412899661364,-0.0021389101224516273,0.13873258518388304,0.0009028977913054643,8.519696157254447,-0.0015914088002386669,0.12112861606677042
2007-02-03,444.2759771626031,370.4119399951759,0.003035719636469165,7.869657837590066,-0.0024041347425983366,0.1364833590208085,0.005168291574233161,7.57411177643974,-0.0017610317899238988,0.11405832905510413
2007-02-04,426.5452987596979,347.89137367598465,0.009201250609248665,7.882277759282385,-0.0022037006890440664,0.11768277757576295,0.0021849182735698483,8.375035677267812,-0.0016197266585282419,0.10838159260749848
2007-02-05,415.3043324747567,342.31224463924025,0.004551620207763434,7.725727889601283,-0.0021125717204147653,0.13204832552530424,0.00013344580071314262,7.981010908546237,-0.0017704226828471293,0.09860401896226527
2007-02-06,410.55591726457686,348.2550169491579,0.00048105335608930876,10.407198190578029,-0.002134260613806995,0.132019148702197,0.004016217852965197,8.648367498058859,-0.00198527005421555,0.08140598198660008
2007-02-07,443.32480412519556,356.1814023737067,0.0012837966608026787,8.920366241518689,-0.0021301193479577795,0.13262495415804956,0.0014220036576959836,11.285509030343547,-0.0019610796184431818,0.1169560615193419
2007-02-08,446.66275167663343,362.0328689398857,0.009854673265186123,8.384257866876387,-0.0022766162174927733,0.11622761205791411,0.011509241546819678,9.543662124573975,-0.0018823345015698714,0.10207638670264067
2007-02-09,433.4419233369486,352.57704824069094,0.01310665810720594,7.290048652330082,-0.002009595089432437,0.12442914134317698,0.0035594015680918347,12.808374693576365,-0.0015594844331892367,0.11160592995629157
2007-02-10,438.08446160536295,379.9932681071983,0.003513753174808517,8.74242578813958,-0.0016548490207205866,0.1041804306774661,0.0014584062088743076,11.110881702256709,-0.001482572025084345,0.10589156948264168
2007-02-11,483.71453144534576,388.3369219773259,0.007761509556637574,7.864353542335836,-0.0024770244723749174,0.12770812168084392,0.0016094233110906927,7.970828599825244,-0.0017795688735133828,0.08208561195343399
2007-02-12,440.1758936154058,366.4223092579842,0.0019489546081563063,9.339648492257348,-0.0023863734249951365,0.12209550372042116,0.004038786424304032,7.6485215043881984,-0.0018452158702815663,0.10431264830549226
2007-02-13,437.0631437406655,362.7872850291724,0.004613850191320737,12.11562722429376,-0.0019648412465107738,0.1239074610011531,0.001068312661209864,10.128748884498178,-0.0016091492082235517,0.07572002796070834
2007-02-14,459.6413636298106,376.2559663283766,0.005463704166027868,11.927972234228658,-0.002124140478658286,0.10152955886024313,0.002268763719675597,10.861634080006956,-0.001868698141264735,0.08917019407990828
2007-02-15,451.535017575536,382.40676216393183,0.003316518080593337,7.56817801140633,-0.0022790808228777895,0.10397455858927408,0.004118996414956819,9.991484235509672,-0.0016203539344133466,0.08615420000081588
2007-02-16,458.51445802459546,382.6604800224488,0.013872532392377799,10.279514554737316,-0.0018203280821505576,0.10720688508766857,0.0003647845289488587,9.190632485723956,-0.0018450525284400196,0.06960926534515488
2007-02-17,439.9910404937792,365.2042263411082,0.0030052142543740847,9.483199327924316,-0.0021272718913978718,0.11843532682849565,0.013879459950495724,9.938084914090046,-0.001895438128670775,0.088925152696458
2007-02-18,437.756758303588,358.21679975502616,0.0010116434041149423,12.00406126145156,-0.0023777793115278196,0.09400993152725245,0.008713044421221113,11.56317643138774,-0.0016355154614838719,0.06520622906085427
2007-02-19,447.40598939217705,361.31909446960987,0.002552898088714517,8.084602925130401,-0.0024479734230632203,0.09754300769150924,0.0006674511774242337,12.167267372147814,-0.001870274583674374,0.08738228088528656
2007-02-20,432.97531108097843,355.27799988769164,0.009292083929783094,10.149877545063815,-0.002190739529939706,0.10040165663245053,0.009737742855930202,10.139663117787228,-0.00161820226414195,0.08356918405386461
2007-02-21,478.00201484993994,401.20727457128766,0.002279190524124289,10.282063550223405,-0.0023990766137405597,0.10776898936540595,0.002184049536319183,11.1599950548685,-0.0019064632055614998,0.08041797981837306
2007-02-22,449.879031945884,364.4906003308913,0.006841094342406983,10.499690854505365,-0.002495469105143462,0.10764872577672328,0.0015410252660212208,9.769101516458303,-0.002077896754000444,0.06811103047197466
2007-02-23,486.57449909323526,415.2835524057492,0.005104143250981824,9.110025508111889,-0.0024310015653711574,0.09957319584336481,0.004309553551220908,10.912556336012518,-0.001843115431777505,0.07938788660776719
2007-02-24,456.5244241923492,375.4677231152,0.008347706667929437,12.490854667576139,-0.0024727618339642197,0.07440273641212482,0.005424212495964341,10.531662733586836,-0.0018037243739959616,0.0938315183269266
2007-02-25,463.56096926548975,378.3824997092292,0.009858682198147197,11.023558043196525,-0.0021511382239013796,0.10025474176247219,0.00048779050612375217,11.049212809285095,-0.0020637381459011317,0.08367428830339123
2007-02-26,473.9120632136847,397.0311807033432,0.001143726962608099,10.996069603534211,-0.0024324466264181227,0.08410861764000341,0.002561031545344065,11.703007292134334,-0.0019182447378470295,0.08072513603760653
2007-02-27,480.0308298977383,407.55453555036894,0.010930115543080448,9.924150153806538,-0.0022511974131209527,0.07637344010867561,0.002370013031516062,10.937598960110162,-0.002052389777237462,0.0718139515866303
2007-02-28,517.7959685054907,411.46117536971633,0.0036099676115021045,9.702654222882256,-0.002327289963983611,0.0871663359505091,0.001958198159144471,10.146694146101993,-0.0022572286636883647,0.06164853109026621
2007-03-01,456.370932200731,373.08703385831717,0.0001300013083299795,13.239058663888281,-0.002373125530200097,0.10151618080584543,0.0028673704659410923,12.511751937917936,-0.0022066587335974274,0.09412908462637953
2007-03-02,468.83644318639915,381.50537608396644,0.0026362284752109583,12.305261524607102,-0.002355097418933637,0.07508012950432051,0.007413058596972212,11.263539728227247,-0.0020741674506082677,0.08376644005932515
2007-03-03,473.91866020770686,403.1621698559999,0.00418203067130537,11.30550160678689,-0.002702796882076007,0.08297536909561706,0.004094690245179351,11.459190771245112,-0.002139918651595794,0.08000501288283532
2007-03-04,457.2258039369758,388.04253652899007,0.0034118605974545976,11.331668133380482,-0.002202247863013069,0.08434702865459112,0.008870925199440046,12.117144569387678,-0.0021796232601382663,0.07021513183058138
2007-03-05,500.53973405874586,411.6982216251545,0.0038447279548974506,11.87042186034603,-0.0026918903084803547,0.07675379895704786,0.0019688305759137216,11.213455619094008,-0.001943075498182073,0.06291158978520701
2007-03-06,497.6435201174327,410.6903976922351,0.036917189696088246,12.86783450141252,-0.002292181470409271,0.06059397622424233,0.0009834522000110488,12.63402192204356,-0.0016004187298229414,0.05708311911042574
2007-03-07,484.60649961741234,388.4027521799454,0.0013869009169287208,13.297035431003685,-0.0022514664998436874,0.08697108317064202,0.0013381499423673537,11.617285079789857,-0.001828577210426521,0.04779955239516017
2007-03-08,479.0068929615584,404.76514001167186,0.00966451021431907,11.662739373100191,-0.002111722155237524,0.0732066909637276,0.0006637811831137588,10.71646498110018,-0.0020170980723807296,0.05410098318969814
2007-03-09,511.16683684064185,418.61427613046317,0.0033522215982155932,11.775781527636138,-0.0021896940176370917,0.07303456170637183,0.0007703729294126702,11.413861451038137,-0.0019443403670972332,0.07047100547790652
2007-03-10,475.97428040272297,397.12093698057873,0.006949522350242823,9.998615850776654,-0.002081085032877695,0.06973768477716648,0.0010444700924951826,13.930148274400334,-0.001895673241819512,0.05057410572005761
2007-03-11,466.8585647475105,391.3383849471893,0.005551494553712245,12.678265850874585,-0.0021429249503455965,0.06820419369812712,0.000814273385685675,11.59854117017202,-0.0017548021013964145,0.05940451944619573
2007-03-12,475.8890147185467,405.8735318598813,0.006509667392138228,13.546572317501985,-0.0024546722397148467,0.07815117841932886,0.0012364779672621809,10.325455966584732,-0.002103877864122371,0.05184344747447305
2007-03-13,421.19537283270773,367.88238762558245,0.004635392012825532,12.462014506114675,-0.0027548131457386504,0.0559018218016689,0.0023145382225075576,13.317312228356569,-0.002193921506500917,0.036108860816002515
2007-03-14,500.5387498543941,412.040126352395,0.004610341838371575,11.262988379455894,-0.002244837329958193,0.05840386123479564,0.004536066770695917,12.988173720533982,-0.0022168856132865193,0.061842881223931806
2007-03-15,483.9786814909896,404.97588992190595,0.015595647249580973,9.067322849145903,-0.0025279300967592983,0.05901455283844578,0.0010952426331422864,13.34533491630487,-0.0017920682421995334,0.05760136498700248
2007-03-16,433.05118962406885,388.58606919701276,0.0030329315784712314,12.982795540720739,-0.002809988002594958,0.05974171506224016,0.0014937250334963886,13.750647009296427,-0.002059518777453803,0.06741364142263606
2007-03-17,503.4057809783694,414.4178210725217,0.005953151560475091,13.659709434662991,-0.0023733734491208883,0.06228697652718243,0.0010868743350783076,12.071250400392461,-0.0022104254349996845,0.05144187838122135
2007-03-18,486.479030148625,414.0533309148475,0.0016726632532505178,12.71675538060811,-0.0023854336464926057,0.08441489241870503,0.003289379140296494,14.538485530106678,-0.002027756785101281,0.06273811748081241
2007-03-19,483.0205183387693,415.01636541124304,0.002588392777944369,10.480011448346325,-0.0023474172776695476,0.07578527500640614,0.0023851092632869034,10.878313937386293,-0.0021575522039973473,0.048647409282171435
2007-03-20,476.82161608365254,398.8613278500167,0.004174592375425412,13.865407791375121,-0.002559977828766046,0.06508271453777575,0.00041364319840438705,10.311722630006122,-0.002185684412002279,0.054265831062429375
2007-03-21,472.36217303083345,412.0655686180264,0.004458737165808302,13.253433298515766,-0.0025062849718711267,0.058952126943549434,0.0014510514083335862,12.336860057882497,-0.00218941329187756,0.03457774741444776
2007-03-22,465.41888634892115,405.24959347792475,0.0032443593761423985,12.877594737229819,-0.0025638475109223237,0.07125419562020598,0.0011435810093470644,12.269411966520337,-0.0024034302046440446,0.048537001323377196
2007-03-23,502.64209394499187,422.9495910704537,0.0012432433801470005,12.200619754656142,-0.00245108428993567,0.06872690781716258,0.00018857083332177245,14.14436261795923,-0.002182256556315129,0.04142542983309527
2007-03-24,466.7383966194463,399.50922031762025,0.005081540228753371,13.427233222733381,-0.0021696960567525124,0.0583803419844406,0.0009204501205738722,12.052004089368042,-0.0020814995028385855,0.06283267102612529
2007-03-25,481.15225621548643,397.40573987469446,0.006746305161350048,12.739404775601528,-0.0021893511535871746,0.06121604901023998,0.003041356657530403,12.599076101092486,-0.0017788329294099142,0.05507040233270251
2007-03-26,487.62786435382947,419.1633575792482,0.013234958419952151,13.485347235209485,-0.002409020525337398,0.05083664130016674,0.00016893526958880478,11.280579994831875,-0.0019074064974184191,0.0534336794719968
2007-03-27,498.41625146553446,396.5219979046293,0.0022443784323462395,13.754512178311861,-0.0029481141449855075,0.07129768805706982,0.0033262249635930014,13.823444357618117,-0.0019682659265393334,0.04600208106030978
2007-03-28,482.92950784231743,397.4391878619835,0.00024213454600228797,10.595347266464266,-0.0022744801725120287,0.05994717269399162,0.012976247419147047,14.696313851191809,-0.0015504157212679025,0.04722661690148393
2007-03-29,481.05235530630756,397.6155469748847,0.008350655135630582,14.358534108766046,-0.002601727795345707,0.06008668657259216,0.0046368197082923435,12.906381074561665,-0.0021813688106848707,0.05427073248843303
2007-03-30,533.6222873184407,429.20672506171655,0.009106262952996321,12.69198287302998,-0.0026967503938886564,0.05996736413682737,0.002159537759980478,12.448913718780885,-0.0022139012338465345,0.06327567797384584
2007-03-31,462.5098237059131,407.08933301639667,0.0011792987208496376,13.52075405852083,-0.0021281333191916765,0.07690143870186658,0.000928507110209999,13.191067504062799,-0.002332925895119557,0.028714252333787087
2007-04-01,496.5409526265467,428.403411728747,0.01340208851268288,10.768369916779639,-0.0025417514625159262,0.07545216416773612,0.0016444937338435724,11.105535832731075,-0.001714879208997356,0.052243288702550496
2007-04-02,485.98256203822046,396.48382441195986,0.0019010439620176134,12.891932049469352,-0.002381482636887831,0.030078198004331008,0.0020039788975528662,13.216413538642305,-0.0019548839876880764,0.04291096820238571
2007-04-03,478.74266803223276,409.1289377247855,0.005178576634274639,13.50649305434993,-0.002271079245088162,0.0645390450450371,0.0029633940005709936,14.674452526341899,-0.002139575023848938,0.018926785272193672
2007-04-04,496.2681315966428,419.22460300423694,0.004840773438527735,12.479892400373043,-0.0019577971971403638,0.059011896424502594,0.0005677955639489789,15.354737178630106,-0.0019315787989054134,0.05544465543965605
2007-04-05,509.7131382675502,430.1117200296556,0.001947552630148555,14.435734861751286,-0.002277015580792588,0.06755275207171839,0.0007004560998179743,13.841355282165615,-0.0021448403287701472,0.04437100314841147
2007-04-06,528.3838113476725,423.8795634217906,0.0038337399625893993,13.561292119002681,-0.0024204083043080026,0.054150165903984554,0.0004425360426454569,13.927454123541679,-0.002007786404121529,0.06221748758247306
2007-04-07,504.0808492988085,415.73717053006607,0.007721739374359114,12.944307294165647,-0.0026951056686887772,0.06012140805929628,0.002568619231724565,13.135992165399529,-0.0021255953122866975,0.03087448314251614
2007-04-08,493.98544045945965,406.9517206937471,0.014485294407097763,15.072149375359288,-0.002311733613792752,0.0664489130077161,0.00115901959937436,14.039602566708504,-0.002140863936153041,0.06269694953485971
2007-04-09,515.1631112521412,415.30967134884213,0.007888443271039323,14.897701104476504,-0.0025912243728489198,0.06811884591049928,0.001761108912855656,12.33118928853363,-0.002300378327866802,0.045263568034047
2007-04-10,487.5418281811272,417.16878362955185,0.016636884613535075,12.060475940864086,-0.0023138557886510733,0.05716101380581015,0.0026702863216516676,15.057642317101692,-0.0022848801908565775,0.0453832083514355
2007-04-11,471.036803148535,388.9298035967191,0.004350544213182867,13.989016103260935,-0.002507507450090898,0.05919894780111103,0.001215392688654772,13.283956917285716,-0.0022166120494371434,0.031829697604249974
2007-04-12,497.2988334300679,415.1429292898239,0.0003233428160856439,11.751142241353103,-0.0026955695066277732,0.050169964563644455,0.014051588837355238,14.133527835664445,-0.0020002534431351093,0.0405436455375184
2007-04-13,497.9287501668427,414.4303021479555,0.002488474299646102,13.019568103178646,-0.002446633550770651,0.05679532528694245,0.003705435398069134,13.087399925142428,-0.0019105760419881217,0.05778387032378285
2007-04-14,464.729710838084,398.1848547455092,0.007493159784447418,13.465910622499598,-0.0024967558855752497,0.03862378012732315,0.0009853623760962794,12.814324694824492,-0.002151388533611748,0.06057748570114274
2007-04-15,486.86836843624815,405.3770728548088,0.004728455876819866,13.24711235996518,-0.0023737946554999094,0.08039791459900297,0.003772950538773082,11.55573624545399,-0.001738990876554109,0.04713547620656701
2007-04-16,481.877554989279,389.7746437921026,0.0030109725952442894,11.181067731085047,-0.0024396419349375325,0.05698174991678425,0.0007693555542043184,12.543561327035789,-0.0020723014532404295,0.05889065490215351
2007-04-17,490.1043632300398,401.81083834193817,0.0030920243685563756,11.874748263561749,-0.0024563075640175957,0.06090740013917783,0.002952589011743345,11.204225310712928,-0.002141243513104541,0.07236448338037559
2007-04-18,455.9855033598171,389.7843085908491,0.008761952596736703,14.781831198445662,-0.0027194616257104646,0.06805822239679578,0.005717607386984588,11.952924550559258,-0.0019682160825384414,0.062451777570781644
2007-04-19,446.29527307055565,392.6256652871498,0.012322942745969134,13.462122723625813,-0.0023297802700876953,0.042843565136425274,0.002346074837351513,11.813956618540471,-0.0025528404618031133,0.049032626772161844
2007-04-20,491.1225220770593,415.921479019871,0.006632096241495468,12.792034777937166,-0.002280412255072538,0.0635841101993243,0.011542825668604146,12.53745250543094,-0.0021524254512692597,0.06016654853356369
2007-04-21,485.16942715959107,411.5954794812556,0.01347759617343343,11.768671217639492,-0.0020830648303346052,0.06512108429591157,0.0016348783616058277,12.455693622822897,-0.002080018752336451,0.05179566865736071
2007-04-22,467.3975108189362,385.58978230050116,0.005639722361107604,12.060922627931935,-0.0023883059732344716,0.057761075528891585,0.000135946189753223,11.789526196405365,-0.0018347748253326507,0.07070816157937221
2007-04-23,487.1244590071103,409.6523159250822,0.00026053373091133967,12.012087936678215,-0.0027696585347657117,0.0709315683948972,0.0021493891705888567,12.285007315232638,-0.002256662337033215,0.04669995834733629
2007-04-24,492.8143306538483,403.45338586748653,0.0047311338893060145,13.081608143424766,-0.0023858214776091135,0.07086500107043224,0.0011174224799199227,13.473911141701379,-0.0024984897516077123,0.051697101580276905
2007-04-25,458.3847697771915,383.42201034671155,0.006571890755595396,12.802596253217219,-0.002288873266088591,0.07408549864070918,0.008608035742288482,11.348363231471781,-0.0020585882276184103,0.06343443558036038
2007-04-26,470.1170234610555,402.4516378872687,0.004552411558590266,13.162763500528829,-0.002657077300487145,0.08385182472853032,0.0003025866539877734,11.319811074815169,-0.0020331543976221875,0.06869654460373023
2007-04-27,503.7027628718291,412.84404847353534,0.003890394150510954,11.929413965340379,-0.0024844977927683796,0.06871664248466579,0.0008074338058868317,13.851689200342637,-0.0016334317878825104,0.06498384433556965
2007-04-28,478.98154224217615,385.76632474780723,0.013262317338623476,11.63844041487587,-0.0024711110722629155,0.07899529555923489,0.0016035425415752902,10.157833652133878,-0.0019430637287523055,0.044282598633477964
2007-04-29,451.5037813209565,382.79860707286434,0.007903864149247028,14.109998187756005,-0.002247954467103011,0.0812150291747159,0.0030397869007952627,11.750015598956608,-0.00198002245678529,0.07071196689586753
2007-04-30,492.65167296178277,412.96973115527487,0.008906824562795007,13.07786092090516,-0.0023356377638497987,0.054249056605542315,0.0061664595328262345,12.96127976439055,-0.0017662437897714436,0.06788248096302486
2007-05-01,482.05471106200577,391.0674532454989,0.0019995776167135116,12.460510181137614,-0.002299369406981408,0.08376157499133619,0.0026392554201334637,12.46425985487335,-0.0022558990709058177,0.06252628335861761
2007-05-02,460.52834456254055,398.76362230582646,0.002185092189739671,11.15068106174173,-0.0024229351311545987,0.06760513546348411,0.00910250207416366,11.96885859966059,-0.00189168479383743,0.07783074947301745
2007-05-03,444.19196190635506,369.51027349750905,0.004478834302926492,10.886860985624184,-0.0027064596126324604,0.08852049843524651,0.01074735334621211,10.659350609208126,-0.0020994692492250075,0.06219079154148112
2007-05-04,485.09858479190245,407.44577635553554,0.0035860146492150452,12.687874004227025,-0.0026467909027368675,0.07109887586702429,0.007025815961382883,12.036302516167227,-0.0018972118321931692,0.06933490050151749
2007-05-05,489.58056824696905,406.58746842188674,0.005671490484332353,12.095976792208734,-0.002354455141959511,0.09635118183756927,0.0026963390265719025,13.329142065642282,-0.0019860985221234486,0.06764511776663429
2007-05-06,480.3140979975818,400.48028702045417,0.012768954652773409,10.736658710841656,-0.0020913295281536483,0.06945129333479912,0.0006424271087077408,10.46895907740744,-0.0020619814857502357,0.07424315648896215
2007-05-07,456.9031482342561,387.6640590832401,0.01169746368070892,11.409016141293023,-0.0025788992775243767,0.08408748794541111,0.0029315370985740427,10.354014515507927,-0.0021041459650779845,0.07104094098698935
2007-05-08,419.0727206217835,376.3071347591154,0.00339506397095042,11.326337686387712,-0.002115759040822178,0.0849794964713145,0.00020777520636983238,10.72595177253167,-0.00187767194533712,0.06305352615596813
2007-05-09,457.3934602846275,379.1328012012913,0.001694556876082667,10.452934864233196,-0.002250831052831362,0.09036080536405777,0.00034782717038211607,10.010408045026997,-0.0015796398620246252,0.07773629290914993
2007-05-10,456.5785092463541,374.79797947465687,0.0024135108726709154,9.791619626347192,-0.002205090576506845,0.08037565526089586,0.00031298762793042123,11.591352723547818,-0.0018555465793650182,0.08259387541493415
2007-05-11,427.53877491441244,362.8295513548832,0.0017017603251326648,12.64026523394588,-0.0021395327500307467,0.0927717727903856,0.0036613829238449167,9.297095301843145,-0.002047042943361956,0.06294598541560578
2007-05-12,465.2675414650422,400.2437224160255,0.013601552666721776,10.473743106739096,-0.002492079936545266,0.09562443020049025,0.004569318310670406,10.340725246006944,-0.0017978735187765,0.0771273568669343
2007-05-13,469.1545491463883,400.0699925431137,0.001272374283973519,10.794227462591605,-0.0018604245278787649,0.0938345480872178,0.0020526370372677028,11.114066165841798,-0.0020273133694715543,0.06337828019408187
2007-05-14,467.01824769028,392.1542845292152,0.015009984738494235,11.236804190759495,-0.002544047675741525,0.1029104999275682,0.002210431233803226,9.271782766547187,-0.0018013526856046492,0.09949462104082074
2007-05-15,440.9020511357639,386.062787309301,0.002757352123405295,11.059862253613451,-0.002274274959092806,0.1026098784022718,0.000757120862834529,12.549785655812602,-0.0020574203799540156,0.09755564288893545
2007-05-16,472.4496120868371,396.5239721107452,0.006203350736297991,10.947671638589407,-0.002235537580250729,0.09175808922659581,0.00426942492840775,9.017804791232315,-0.001961752070110492,0.08435409938965857
2007-05-17,451.5620376485161,374.26226151404694,0.003644243487480562,10.18983541187849,-0.0019836294234168703,0.0943358876416488,0.0011382746631992944,10.360873647316662,-0.001815709736286595,0.09451851178405514
2007-05-18,460.49862196023537,375.44961012154215,0.003824556416678886,7.3088225094043455,-0.002634950661444721,0.1327074377750148,0.001605803287709204,11.501759058684035,-0.00221439411788428,0.09526625303044517
2007-05-19,440.537134163858,361.94651004723426,0.0014457745615890688,11.30962984201593,-0.002240633738904359,0.10540744109820781,0.00881918527932802,11.989739546142982,-0.0019447007488468716,0.06404199009360294
2007-05-20,459.2063468268974,390.3131193097559,0.004297659049252137,8.897293727945963,-0.00220211548534359,0.10231373751744235,0.007002504996454903,11.549318671675277,-0.001768042459269097,0.09001094475918318
2007-05-21,441.08286833040523,378.23624099610805,0.008475596829856333,7.547133016068418,-0.001929123459551021,0.1031834541736924,0.00018937269992984392,9.319007333572744,-0.0018531451361256755,0.11256428552212244
2007-05-22,434.4926879690105,368.0123976844212,0.005133973274650718,9.678224752438986,-0.00220469979860398,0.1277111822627157,0.0020801219081737713,10.532730417824759,-0.0014782004014544938,0.09426816244049267
2007-05-23,497.05763200012063,394.85666978405396,0.01390452924209926,10.266469426431122,-0.0023172508156624047,0.11242391335437744,0.012318873832918553,7.661624948290917,-0.0018622017291147804,0.07353985539895189
2007-05-24,416.79900545760165,363.3832043292616,0.0014027206117482294,11.149438039990414,-0.0021837584182552083,0.13247347832386316,0.0030853067701060144,8.948248897226058,-0.0018736846058714078,0.11687462303906918
2007-05-25,434.6244346235325,370.75111153771047,0.0024513127062692898,6.4066707081568515,-0.002289872847102285,0.11558016862320689,0.002282337282260137,5.544563628442544,-0.00152269250487721,0.06936760879086218
2007-05-26,458.4164846146738,379.6832896460857,0.006016984829165092,9.102131321459158,-0.0019152169184135665,0.12039423667593509,0.002194230741913906,8.21645722323216,-0.0017432657549585329,0.11275826525278053
2007-05-27,455.8646290521167,379.1932263055394,0.004594469775234832,9.949973518428866,-0.0021116901783596424,0.10045992021393219,0.00037177854826478,7.328399159414574,-0.0017153606208168259,0.0953497704279231
2007-05-28,417.17584457981616,337.9641763232845,0.006921070171584289,8.131454945650656,-0.002248623353592277,0.11203735377610766,0.0022321087977240062,8.87503948091414,-0.0016421202585101258,0.09877346274308335
2007-05-29,455.28099443972246,384.60484813000465,0.003605756314378237,7.3261217771517675,-0.0020498194091783046,0.10621115341334024,0.0017669941902618553,9.560207941118655,-0.0015409772254023186,0.10477961635704476
2007-05-30,442.01435604345113,375.8238271264439,0.0007043052387830746,9.215123241642127,-0.0019478437185835235,0.1304614266611712,0.0045257379192438245,6.620882061856976,-0.0016003802817818197,0.10491038693416871
2007-05-31,431.09983082184743,357.0692299142912,0.0022590735122977705,6.120483144582689,-0.002161601830696405,0.14432379979010898,0.004280754980392433,6.8074456940581936,-0.0014928814541840855,0.10122350509922971
2007-06-01,445.1349556258775,361.17096358262944,0.000953237248115812,8.10424117204734,-0.0015997595640177857,0.13493561670041646,0.002099755649213221,7.661044246776016,-0.001468335270582282,0.11844748275852032
2007-06-02,386.1200745314615,326.3686468830854,0.007393050145516138,5.53024976882411,-0.002205673898635023,0.12412891469904232,0.005162923735629285,8.836111832443807,-0.0019306785285575806,0.11092478522794771
2007-06-03,405.3842200793531,345.4070944060776,0.0057333413368542245,8.02797404731322,-0.0019498712782284311,0.1397246998860659,0.000899883192262066,7.289267554799567,-0.0014139985981332967,0.10282946883433586
2007-06-04,460.48668860702344,359.44667963716046,0.016772928996929323,6.261541913440278,-0.001892584098431811,0.13470806420939033,0.005749159292312534,6.55520524481559,-0.001706657695556171,0.10701707067721934
2007-06-05,397.07262648431845,342.8619403100367,0.0021207234483576203,7.3842119222788,-0.0018822062686231975,0.14313639371756284,0.0029008719695381314,8.947969483580051,-0.0018275114570367296,0.13794862790984933
2007-06-06,405.86108512424914,338.9403343509273,0.0010936153648443642,5.383945093341372,-0.002080978403615137,0.13649908258613247,0.003929033365753569,6.899773216242579,-0.0015939504293804273,0.1197271007619709
2007-06-07,392.0176212050452,322.95872092053065,0.016102557023408678,7.308225877485442,-0.002383310815453048,0.134867457097083,0.004546127567783548,6.238498013999768,-0.00151930045236558,0.1278931345243022
2007-06-08,426.4248528615504,356.591279139554,0.0007491584560929724,7.2313689393245415,-0.001680723135223692,0.1491338939372949,0.0006022374468737548,8.60208905693306,-0.0015096113657589087,0.12016528285119366
2007-06-09,422.5489266551859,345.42832422597536,0.0015245584868473193,5.669335632262146,-0.0018202966372288987,0.16428020148942157,0.002663073542186463,7.949075261623094,-0.001979776449219299,0.14470337989942547
2007-06-10,420.13696727542634,348.24301782472793,0.0019434277672964312,6.269735769975325,-0.0017732624401392931,0.16316232589506677,0.003236187874291145,4.7918161775242325,-0.0015676719559802946,0.14700224201578238
2007-06-11,423.5029046817897,353.69368092700967,0.0018265352210623887,6.963162136866176,-0.0021894421622550638,0.16069485452719753,0.0014342733593802966,5.5213475778749,-0.001672458116687407,0.11486131703457758
2007-06-12,393.3969514025381,309.08532090385603,0.004231289571916134,7.478314708955403,-0.0017657604424338525,0.1657170350218099,0.003732657971222124,4.378249733157372,-0.0015835782404222758,0.13109802284567984
2007-06-13,423.2628356732919,344.69186888669987,0.0017723168150333098,5.30857676209565,-0.0016817674662252457,0.18971973534236308,0.0017572124000425973,8.93599886815629,-0.001280000764189373,0.14327362740698124
2007-06-14,414.30109348091725,341.2582912413163,0.004571248987847829,5.290577708052834,-0.0018950411305427748,0.16500106213693125,0.0014698710082417302,5.442105446152906,-0.0013929751515406863,0.13671377136254576
2007-06-15,450.05976816445644,361.8585129446428,0.0009842156693152828,3.4460174580429364,-0.001631983601732108,0.17658026684642952,0.0011480211005817976,4.823854258757794,-0.0016666917381275984,0.13354631507861647
2007-06-16,404.9276165308567,323.6537881331754,0.002724727127942548,5.104676127079543,-0.0015914687950767852,0.18447236588212748,0.002241743108901128,6.495583099486359,-0.0014925569841757113,0.15173712658237073
2007-06-17,415.1988799859605,333.45116098102187,0.001031835000328343,5.176229959745341,-0.0019227663967638802,0.18411229342894386,0.001281748968086352,4.202601055027918,-0.0013426154727996015,0.16237156425910199
2007-06-18,411.1728706911238,331.68747908545566,0.001968525732524273,4.803439930918769,-0.0013010087686081346,0.19786837884677733,0.002147704201187392,3.443574093004064,-0.001324597414812232,0.13410207311420183
2007-06-19,386.50474606014,321.3192840868889,0.00305910281296425,5.215948083107413,-0.0015924409611801605,0.18273435270030955,0.000382450896410009,6.142250667629411,-0.0009826214192411122,0.14914573832043
2007-06-20,393.88768756574825,324.7497178776638,0.003546201681468212,4.5798478624409595,-0.0016192138304462898,0.1939331585639407,0.002810409798425921,4.4371764487055865,-0.0011167282175793922,0.1431410946164496
2007-06-21,405.94599857622575,332.0519685184988,0.0210831848580986,2.759778791681965,-0.0018052754581882415,0.190724380946117,0.002214875203268098,4.713211134942445,-0.0011981041728506422,0.14624590008147248
2007-06-22,389.8433695035205,311.871262279906,0.0060157332820085455,3.4488449492427296,-0.0018090058878805918,0.20629068124706154,0.0023987430509763777,2.046756734778069,-0.0008179897847046597,0.14480927437620988
2007-06-23,428.09529122621706,336.44351655165684,0.0018279898550687904,5.168718010844901,-0.002198303042971574,0.19894109704709428,0.005909362985683613,4.530181042334155,-0.0013925680805711655,0.13892016986065786
2007-06-24,375.3357530605728,297.3092180171135,0.005899287114004351,4.230928908689242,-0.0017085882277921127,0.19659013072200177,0.0014005026811910678,2.6985178223871182,-0.0014137482971668931,0.15329605855104964
2007-06-25,357.8379835778706,298.9310875271183,0.01587056668118497,1.677235732901317,-0.0013433919492453217,0.20639708328647277,0.0017983575511515098,2.088662636314706,-0.0014505004220272486,0.16741953613511
2007-06-26,358.319580876146,299.9377611543548,0.0025621864905077587,2.626911656226286,-0.0017707212651897157,0.19609726803781516,0.0036347173689960854,4.838241519374067,-0.0010558739861564292,0.1631065911530579
2007-06-27,355.4009412892136,288.7045088793003,0.01888032030252081,3.1144744747640845,-0.0014957403699030485,0.20446062339072957,0.002898376548265513,1.6796556575533952,-0.00143064415149679,0.14199515039114174
2007-06-28,378.3153278946947,312.7112756080279,0.018722487263832247,1.9853738477215424,-0.001728445295941954,0.20653321573743252,0.0028792859916129056,3.927259859627319,-0.001363952009069379,0.1834194309176501
2007-06-29,357.3779310954071,290.9954314236533,0.0011335737699688848,2.3405374288181284,-0.0013287161934761602,0.19630106999781713,0.005500192781112762,3.7332670693445973,-0.0011136098908653494,0.1601941935964397
2007-06-30,404.07660299412856,323.58815593115037,0.012363780465937776,1.6671629487703012,-0.0013847067409500289,0.20193928641874845,0.0023509833285660794,3.2175156905471822,-0.0012562181590113723,0.1793104653673016
2007-07-01,397.1807246899799,319.5745325318439,0.0030506554629192444,1.39971540547737,-0.0015772977794515865,0.20552420215862058,0.0017013917911543,1.5738017458620226,-0.0011228418060667295,0.1766101990744488
2007-07-02,364.33617352945316,291.4908718704786,0.0009353795811262939,0.16466433286998128,-0.0016298250392273975,0.21219292939551826,0.00038340272086699736,3.7170376668807323,-0.0009916544570225238,0.1762774880319292
2007-07-03,331.9100990359405,282.65797105627973,0.01664629075044805,0.7504813076561888,-0.0013417111310401394,0.22677482419484415,0.0027649747102154493,5.249071280593499,-0.0009359694467105039,0.1846916537573331
2007-07-04,392.51802338756346,321.38130163019065,0.0006448479581128857,1.3964544849084803,-0.0014269719888491445,0.22641899649879427,0.0017751624825613189,0.7791100079619819,-0.0009308094314499158,0.16444344216058512
2007-07-05,355.41593948168355,293.44220418512873,0.0007138253235688531,2.638622460170879,-0.0011447469074546681,0.22865298225759859,0.008421766590823174,1.8745395409749768,-0.0007768417392604167,0.17432227390200225
2007-07-06,322.61277558402634,275.56201442180986,0.004849633847260894,1.309831897409178,-0.0016792972448107025,0.2413943422419958,0.005249130654630522,0.009975558012834451,-0.0010212977710930275,0.17624553656770894
2007-07-07,367.8599151836461,305.2731101599796,0.012664360727807767,0.624591547918881,-0.0015916564725504396,0.23291641812597455,0.0006937847695362364,1.4461810590895485,-0.0013413273269365616,0.1945077961552723
2007-07-08,332.25240578412337,264.2745313743458,0.0035368638419446385,-0.21529686684889981,-0.0015732181702889886,0.23011940643461037,0.0018843874631923666,-0.15475300843498707,-0.0012679263850287048,0.18522784823212082
2007-07-09,339.9970985597844,275.30698854757395,0.0110380582998348,0.13505150353013753,-0.0012533360243345147,0.23291690857785166,0.0032938267587679796,0.7675573735047613,-0.0008859591147057603,0.19882382909087454
2007-07-10,376.1611787299111,300.1640183906618,0.003752521044511591,-1.4394219242551356,-0.0009196831896187814,0.23039028149693813,0.0011167185635862623,2.1012988906741015,-0.001563547325467814,0.19079606211196837
2007-07-11,334.1331281353596,278.20631177648596,0.004524509346137497,0.7424555102991937,-0.0013475182600632479,0.22420771274966378,0.0030109288609777253,-0.11417668174072959,-0.0010088834838421056,0.2122079120963912
2007-07-12,308.54862045567,258.7360184302929,0.005563200753661956,-2.596687326270901,-0.0013676106976647266,0.2379888125828496,0.0010894013028437293,0.9506500355104214,-0.0011923227469338275,0.20729983378411732
2007-07-13,390.2530257921547,331.50138647552893,0.004911938987413253,-1.4850801988701297,-0.0012432982378232011,0.24254845687100246,0.0002917032398363093,0.49407215508333646,-0.0008883656163158895,0.21303098914806887
2007-07-14,350.4239672034876,292.7460896622169,0.005461744785209565,-1.1298885511806964,-0.0014157097315041782,0.24571356394082638,0.0011363513086651877,0.7968488112367847,-0.00078787828259075,0.2061748301808912
2007-07-15,348.80072735614374,290.4040726222919,0.0015024009763783867,-0.40106045322712836,-0.0012969577326623987,0.26230252275514393,0.002752103964475899,-1.786487087875726,-0.0005885762078757597,0.2195055135271455
2007-07-16,317.3445757926672,272.197958838487,0.0033397680255842278,-0.032795729190902234,-0.001111166753856561,0.2578135516393216,0.0024332634181817654,0.29963827875425264,-0.0009602516586253332,0.19255294640477938
2007-07-17,354.98739076465347,294.29226599649735,0.009776639274620738,-2.1507164074304668,-0.0011223754101845828,0.2567122884579434,0.00025624366438473177,0.881927698216131,-0.0015187946890255237,0.2218748524157775
2007-07-18,324.50808645394034,262.2221156234756,0.007247453498083658,-3.0143787484641744,-0.0008988914039637836,0.27331257578805546,0.002139460253873444,-1.7524401028048862,-0.0011573549487723528,0.21231827491147803
2007-07-19,332.7708165652614,261.6174028622894,0.004336193672271813,-2.804353217696876,-0.0008961874941296257,0.27000724632413253,0.007865269416027063,-1.8051735448239317,-0.0008346496214762626,0.22253313318161308
2007-07-20,324.30788813172876,284.8910947316831,0.014346827822309022,-1.3650536417349874,-0.0013350599170149943,0.2778285127948486,0.0007341957268601227,-1.2522181184040524,-0.0010324287751190867,0.21506115635135967
2007-07-21,287.3574812513481,243.71511104146376,0.0015155369541822819,-2.8637514654425393,-0.0014202812397531687,0.27221297493383795,0.00945936055152904,-0.7743891912913898,-0.00117691803008708,0.22034137546169985
2007-07-22,307.4812288112466,264.6551618379867,0.0031404558276363235,-3.9280017454569487,-0.0010321673650661783,0.26481893551142116,0.007408334632991111,0.5221261469918375,-0.0007371415468257168,0.2147373501266793
2007-07-23,355.84446255503076,271.3376667059744,0.0037369090770871466,-1.9967660085924508,-0.0011574668266683156,0.28439865551823035,0.00037898409576657616,-2.1798008444621355,-0.0009795141103111698,0.2057680043133328
2007-07-24,295.7313003759503,255.4863403535781,0.005049651675884229,-1.940162125184215,-0.0012138019908823144,0.27641066327507036,0.0004918685551236978,-2.151289361350553,-0.001009948353847516,0.21743710622701254
2007-07-25,311.44339383218335,258.8804600501626,0.006429119375668649,-3.2904803406472944,-0.0013207571354071313,0.2960058273809095,0.0017269503831864362,-2.054962681749963,-0.0008831621368909909,0.23961489606112976
2007-07-26,280.20136701858434,217.92047655091943,0.008056478081389233,-2.5335895811554554,-0.0012962672360222372,0.2678704178554549,0.006776286683794008,-3.2344017402692518,-0.0008669248189788311,0.22607303350626753
2007-07-27,331.04085742562796,269.7219598063907,0.0023525667980629243,-4.374430360307633,-0.0011044854877412605,0.2781889349810591,0.006431963432217118,-4.383577612126722,-0.0008253393412994922,0.2395817761849558
2007-07-28,306.72353029918105,241.09090774588682,0.004071137324330711,-3.4421643451513253,-0.0011122127239046571,0.280775028878759,0.016288628810032853,-2.3551603775886676,-0.000852508002225487,0.24455810458058624
2007-07-29,276.32261645656666,223.8779967469574,0.004684996956163303,-5.249072796088511,-0.0014431833139657948,0.2778727160347291,0.001583828770743979,-0.245917111244514,-0.0007887858038273784,0.2494258753215401
2007-07-30,290.96358737730145,251.09170081446717,0.0039878258248505485,-6.602935902005659,-0.0011920552553132705,0.30579854711130455,0.004779726496099427,-1.9962644444928572,-0.0005714169659671446,0.24489315665753184
2007-07-31,299.9333426313222,241.8015934202743,0.007571509820477809,-5.035186728166592,-0.0008239394885989051,0.2960660952094356,0.00517087969575278,-0.6385973647623335,-0.000673192749533178,0.22434676638838105
2007-08-01,309.5967972060359,239.4489570400634,0.010418473197403324,-4.939743172988304,-0.001014763350945396,0.29813164690450555,0.004305195249149281,-4.719055664399112,-0.000617687590349949,0.23980080842965815
2007-08-02,311.6991408420026,239.3424954855444,0.0015313957805603475,-4.035102094736723,-0.0008869662625162019,0.3066019596484779,0.006358798190252474,-3.394434884660175,-0.000897490932852152,0.24040485186025157
2007-08-03,303.5586357846432,245.12685599056098,0.0034484438047989734,-5.155780358620206,-0.0008534519236291453,0.30854673448362024,0.000727879749161706,-3.5367792962864635,-0.0006251667815535317,0.2522346716188374
2007-08-04,251.907863900499,197.98922864824834,0.005818337037776809,-6.431045350236761,-0.0009301064651773036,0.2973761490505567,0.003982916227489803,-4.651165492997636,-0.0007123859642606932,0.25437668693430515
2007-08-05,287.28967220604085,230.28246582879865,0.004558475543663764,-3.2248514802294803,-0.0007189572280550281,0.28718799935607797,0.003243184689083803,-3.0972747228241606,-0.000837828807878242,0.24554555285598254
2007-08-06,302.8281275061056,238.8642150531756,0.0015204403918604565,-4.127383209874326,-0.001071588863409113,0.31719195753323315,0.0008289644491964416,-4.69555251765385,-0.0005880364867411316,0.2679921563932232
2007-08-07,297.547452992026,249.02731330509246,0.0069503565160720406,-4.74027075082276,-0.0012270798546854095,0.31993623470088073,0.012139900095064354,-4.791914581330558,-0.0005434728040629503,0.2533530155165707
2007-08-08,276.1690943820962,232.17230866279846,0.033163246474923934,-6.109057950020864,-0.0010464664456632537,0.32605349088358565,0.00018082835565088644,-4.12158988030436,-0.0008193617879492841,0.26194794587626186
2007-08-09,262.490894670074,226.7087170629581,0.0023252899125982235,-6.768636253170406,-0.0005770164548461161,0.324845998459565,0.000936070856689652,-3.0709850091564324,-0.0011602895040613353,0.2729539794592026
2007-08-10,302.6333018775207,237.2267502319926,0.0012623419812317542,-4.172245013457837,-0.0008094036291424232,0.3157795831790334,0.006146676181966592,-3.7250432608909767,-0.000630110882752024,0.2628903376444456
2007-08-11,260.9766479653462,219.96451352435966,0.0002441479365571987,-6.375472574019403,-0.0008968268692214037,0.3201816956459846,0.012853789212800407,-3.431014620520785,-0.00023844080166322292,0.25484278990191866
2007-08-12,297.9348704915557,240.0966855910294,0.0025071385132376654,-4.794748619873742,-0.0012004814022144776,0.32152875300582817,0.027155849649703377,-2.9200720968013165,-0.0006531479212154066,0.2658991977130723
2007-08-13,323.8941227986913,216.13711914511507,0.009399295359665218,-4.8228444717344665,-0.001184596317380402,0.3284244437550813,0.0053105594612286545,-3.2185254339559863,-0.0005984847902272282,0.2740856510307146
2007-08-14,303.26990951083064,231.212486634401,0.0014928120450225764,-6.731014203133512,-0.0006384089458300007,0.3255306973254138,0.0009464100069220589,-4.302243331680925,-0.0008047218287952152,0.28081936070392294
2007-08-15,309.6143125524345,242.49946891761496,0.0009185211971212797,-7.309656381479528,-0.0007368937890562395,0.3275922734606722,0.004551311757879918,-4.026688975535526,-0.0003759633972491907,0.26627999242305583
2007-08-16,301.23013311039955,253.32792641009263,0.0012301996007799548,-7.3296631737396245,-0.0006546236633881502,0.3396872709733516,0.009358425784882806,-6.689803163594486,-0.0004524452437815856,0.2683145981683791
2007-08-17,310.60083442975304,241.0005359089306,0.0011350645164953114,-6.409566377352941,-0.0007784420417670653,0.32415096623543815,0.005126529071708426,-4.4669500479183295,-0.0006923513523099284,0.2666150207614051
2007-08-18,247.84604051669183,202.85341447222504,0.0010006232864185182,-5.646013815704066,-0.0011219263543063248,0.3315463921061785,0.008034134277446321,-6.047743997731206,-0.0004419186619494418,0.29309136436078503
2007-08-19,284.16749708813086,227.09975907803354,0.00176904806185395,-5.643903238369098,-0.0009631402213809697,0.32511619248318785,0.0008033159619752477,-4.5959041592541965,-0.0004597128451515356,0.27110217766908673
2007-08-20,263.54367436278756,227.8268435940844,0.009941391190035573,-7.154033736722701,-0.0010474639712534806,0.34795125289027806,0.0066224274452976566,-4.402101005590704,-0.0005297902141122405,0.28040401786460695
2007-08-21,269.84810095552507,209.3001801740993,0.004418757760321519,-7.42290429664125,-0.0008203449869344908,0.33897427473649894,0.0035802872302557287,-4.780798317744861,-0.0008977745554066062,0.2732762427964661
2007-08-22,253.86006148640928,192.99023473438984,0.005493237271433249,-8.472029143883967,-0.0007771725216268798,0.33219310968393506,0.006296997269072481,-8.302650159929346,-0.0008678271028465182,0.2983727311454616
2007-08-23,268.85410513627687,213.49753759502906,0.0024225403046268437,-6.188880237322897,-0.0006780878266798616,0.34054416885498956,0.0015791671153405394,-3.741620340060656,-0.0006587798846607411,0.2977912398036265
2007-08-24,252.9476766483882,203.1771791535205,0.002143538150380685,-8.370648767675117,-0.0007245893579104904,0.3339647025814843,0.007581754922172985,-8.746666967798806,-0.0005734494043197441,0.2702886311464479
2007-08-25,285.91753557520224,229.69942928675397,0.004520897230537305,-8.71139960025875,-0.00039181969081879053,0.3550709730900954,0.00295668684997619,-7.389073123804078,-0.0006341197159363513,0.29688469304478704
2007-08-26,256.50030641159196,217.33444247480818,0.0016710847734879657,-8.489313833844164,-0.0004718954099611586,0.34591193171524437,0.0012365835271225133,-5.4564797148916275,-0.0004076690827405741,0.2689874849075225
2007-08-27,273.844240674116,223.13523023988841,0.005093846829043261,-8.566095097032912,-0.000772014095603354,0.35246993042470365,0.0006924816146449157,-7.566757555527242,-0.0005436176857271309,0.2869810261582658
2007-08-28,277.5356964263163,222.10103658047393,0.002070922569435211,-9.460272998937487,-0.0006197556495832186,0.34204662316981105,0.002122781740051178,-6.746549506689999,-0.00027896965110149705,0.27844532493430807
2007-08-29,262.1007286378024,215.64258186929632,0.00018163640979796644,-9.922272116976366,-0.0007623931000310677,0.35903330102449177,0.002641325278893118,-8.800804583381494,-0.0005375798883511845,0.29428150506691164
2007-08-30,243.30349547513657,200.95974857466413,0.004759033717351666,-7.8344672131992,-0.0007478494985863805,0.3579643038810329,0.0011666907791816634,-8.43904057722637,-0.0004685098733173924,0.2850666794589717
2007-08-31,286.6714415775663,222.09171130867196,0.004073508842745222,-9.216215942742483,-0.0006059504391722175,0.35345995971131966,0.0008121425992392302,-7.4105221211839165,-0.000487192150044588,0.2903223154948195
2007-09-01,267.6252230781979,221.04636623636503,0.006796754882298418,-9.108193339194582,-0.0006576907115461474,0.3543932723903371,0.0004891297344207048,-7.566324439893928,-0.0005274102552794403,0.2959071797190259
2007-09-02,265.25114419803214,208.68029427845926,0.0006374468220098496,-7.3541319598057955,-0.0004934619180945944,0.35452926727285605,0.0038218703854047127,-5.604864520760322,-0.0004432659098486009,0.29991737487703823
2007-09-03,246.3215259642468,195.31182592241535,0.002967086497172193,-8.51835482442855,-0.0005972896001368888,0.36349183647116057,0.002609144207003227,-7.547536232420617,-0.0004586070022110952,0.2944847278152884
2007-09-04,236.1269993206882,194.29942609970334,0.004859908377492827,-10.247466267376243,-0.0007324231322216712,0.34828425407450053,0.0005293774963710884,-8.29953519603768,-0.0004960402633279075,0.3153188916160716
2007-09-05,274.59832273790596,231.73722262354605,0.00186899411870624,-9.382085334273253,-0.000974810322406473,0.3674734491821402,0.006080453283964821,-6.2521089925136115,-0.0004049074794936815,0.30310015384687433
2007-09-06,236.86104957833368,197.74872881779308,0.0028435635936162607,-9.05847429911091,-0.0009125915711149385,0.36946103352578485,0.009479753239762072,-6.141434731888263,-0.0003162789878544005,0.27329641065235233
2007-09-07,272.3913961010879,210.20999434787433,0.008927153246120083,-9.315804127292141,-0.0005565974688615818,0.36229448556639626,0.0016648845799725294,-8.759618765535844,-0.0,0.3035225597314821
2007-09-08,248.0743770605236,206.98191389979414,0.013103414462190363,-10.290606125884787,-0.0002885991880641217,0.35642348357447967,0.0012680309834490798,-8.857786615532493,-0.0006184140532067212,0.29343828892869306
2007-09-09,224.7703281252095,174.8959751490341,0.008632227458034668,-8.781849175985313,-0.00044973778993633604,0.36788802482008237,0.00393267384449259,-7.251686681930813,-0.0004081663356110459,0.3029021714963032
2007-09-10,212.92118331265985,171.53465488763413,0.0016174860731331684,-10.180779432969919,-0.00032590402423872487,0.36261258040992406,0.001910047545481991,-5.704746093145076,-0.0006635253208490764,0.2912670876621137
2007-09-11,255.76408239394357,205.27034532831047,0.004302703778179057,-7.679088544441376,-0.0007076536844278578,0.3758144969801935,0.0012545624131189348,-8.050755648150549,-0.00041225817206646485,0.3145559928000238
2007-09-12,267.0802492462573,201.1347187555301,0.007110255951886775,-11.589255544598348,-0.0004991762970900936,0.3857720383099964,0.0005534713432481599,-6.021257632714777,-0.0005517740204245654,0.28982284066653247
2007-09-13,259.86749692303556,196.33874581077893,0.0021960129957854465,-9.230275401780855,-0.0006273388502852661,0.3660131473713803,0.0003589581679838632,-7.136366983681861,-0.00034898372983845413,0.3039309552120594
2007-09-14,254.03407454809258,204.14970759708598,0.002512179098641367,-10.625538655495992,-0.0008008404685197455,0.3708903788635776,0.005259900425232836,-8.766061702991308,-0.00043844134475593124,0.30644370966460976
2007-09-15,249.82650135208036,190.94126316933568,0.02177442046085238,-9.721998205481531,-0.000949688108219154,0.3640668373856275,0.0050292537124647695,-9.089109196327383,-0.0003913820663184149,0.2952285186180072
2007-09-16,235.2655224838894,173.6919295608251,0.00776094507693804,-9.652192434703208,-0.0007223432189666843,0.3928157208496966,0.0005654118854939177,-7.904696134419051,-0.00017785653450607989,0.29263191486790174
2007-09-17,278.04008249914546,202.35352282678508,0.0014736584929192671,-9.285821618027699,-0.0005626145260884672,0.3720199602415935,0.0038543488932795537,-7.7143070099245294,-0.00035891642684028895,0.3098609306529166
2007-09-18,231.3982500052648,188.8032604539017,0.005638807443747883,-12.505956619768948,-0.0002974592864246372,0.385724243842951,0.0007597671617377,-9.718460990936302,-0.0001964418326227732,0.3129141866870751
2007-09-19,235.1632869641166,184.8095387902186,0.0019455534662281308,-8.397092393945142,-0.0009866888028723787,0.35981721188753035,0.0005689561877320815,-8.635860127227755,-0.0004662346581052998,0.3128093226385514
2007-09-20,272.6121171098075,194.46719057735788,0.0011635541233518177,-10.351006827110218,-0.0006955067181238531,0.3780755089881343,0.012208390044273649,-8.204088534125058,-0.0,0.3232547108669912
2007-09-21,257.88776431686756,200.14881689747568,0.006447106536262701,-12.084832869869743,-0.0007100222402656722,0.3672916815610543,0.0027995037323943943,-7.1149252733532595,-0.00028917190737805476,0.30358743783508696
2007-09-22,239.73223902163102,186.33684005075042,0.0063798584000207634,-10.300940676663954,-0.0005051059934389473,0.37730308399333357,0.0030529912118654177,-5.739775674798901,-0.0005412170025418984,0.3118325544420962
2007-09-23,257.2099096758079,188.16478987081695,0.0006894380303887893,-10.404310137575797,-0.0005170006535164822,0.3830692306756353,0.0012570101185033437,-10.046795615159903,-0.0001589219803039136,0.31903039788455606
2007-09-24,245.37009079712467,204.70232949195866,1.532823932093984e-05,-10.146537494690198,-0.00021899344166842564,0.39405114870013663,0.003350978833139162,-11.181308440825214,-0.00020376880029052504,0.3092077902959447
2007-09-25,243.41715947874144,190.5036434506091,0.006284799554074577,-9.144810189660262,-0.0004245367024583998,0.37848453762537393,0.002929217206298334,-9.865474816319184,-0.0007350109817381873,0.3176408396849091
2007-09-26,208.1632076270248,168.7251348598081,0.014985579497987563,-12.805807224903933,-0.000639342625743328,0.3748766506471433,0.0005837958872020095,-10.57329856010163,-0.0004132307547647324,0.29475617657987485
2007-09-27,233.04126385287987,183.6675733748178,0.007443341751915868,-11.39577617882221,-0.00029858543304076544,0.3663225344902453,0.002074628455849598,-9.93235541752566,-0.0002357260841543065,0.3092519552971635
2007-09-28,224.80077189179823,173.57172656367078,0.009186834893957808,-11.103446316880959,-0.00039319723614819873,0.38051974809625183,0.0055648201960385385,-7.556189968643335,-0.00016876904676289644,0.3343334313022344
2007-09-29,216.93040717140616,164.6641450810298,0.0012176465119765915,-8.856544506545358,-0.000466309023798637,0.38194328445214704,0.006572392457244517,-8.145624980061488,-0.000147125686197812,0.29664010151920256
2007-09-30,254.23466360211856,205.73354878208983,0.0035475237426589243,-8.560101259399524,-0.0002949037889324384,0.37749593036158746,0.002333524545804233,-7.35892086736948,-0.00012187798084934264,0.3050383078195978
2007-10-01,223.9919392502237,181.04087864608914,0.00782400070834966,-10.317073401725214,-0.0007092004094022805,0.3965021920988273,0.004442753972530319,-8.418286290300012,-0.000475851713520229,0.3071507675039691
2007-10-02,238.83332292705995,195.14911491537038,0.0026775051106933453,-11.121855017569839,-0.00073316554918358,0.3719880717813265,0.0004991807048999956,-11.194107406785843,-0.00023331946958054256,0.3083477878837799
2007-10-03,261.7358188236748,197.42123840086313,0.009291306623440503,-10.994692160906428,-0.0005284672277518918,0.37565921281817277,0.02002927636541122,-6.6293615763813705,-8.239890102741397e-05,0.3143087374568965
2007-10-04,257.33241899454435,171.8060744913018,0.0016098105814955882,-10.213114379433915,-0.0005625776765938778,0.4017087369721049,0.0011821058786848013,-7.822513889935618,-0.0003669942412918722,0.3164242075947814
2007-10-05,240.647256349386,186.03640607207424,0.008018421116124646,-11.033699067506351,-0.0011259285171865223,0.3909299904579439,0.0008935828093706893,-6.706430489170583,-0.0003377351225347149,0.3163630548423127
2007-10-06,245.484273832243,188.2963077566073,7.212947674548299e-05,-12.553110138487725,-0.00025850023939225276,0.3750685411492696,0.003624994605184921,-8.532401958444584,-0.00034280475106428536,0.2937228821385958
2007-10-07,243.34383089597176,194.3638612569956,0.015922490835179,-11.54493866648491,-0.0007477237626846128,0.36477402298238937,0.003116816408473848,-9.469420886410203,-0.0002009160819289397,0.30401741610723976
2007-10-08,233.72283895469218,191.93156387831397,0.002675757885618633,-10.334402356451365,-0.0007220934664358199,0.3691205987231644,0.006752718671854567,-8.171658013435273,-0.00014980173237262324,0.2949535410927375
2007-10-09,235.39635457162916,188.1774454048533,0.0077045904389826895,-10.357083220229041,-0.0009188390474644927,0.3844517037823601,0.00545293784323416,-9.73071622455629,-0.0001901511593946503,0.30183978354129004
2007-10-10,221.53121766150906,169.17374983480673,0.0014856686253133008,-10.756308819027042,-0.0004129230230670282,0.3854573391489116,0.0004974180192190528,-6.475393644724967,-0.0005041600690204778,0.29909980952179926
2007-10-11,225.36601964910002,167.25025594974662,0.009396146490402466,-11.276775682741315,-0.0007155485494056593,0.39570889403880316,0.0010598720191717056,-8.759717623065576,-0.000562679367500237,0.31068125866698515
2007-10-12,259.47586692102635,195.46736796256488,0.002778507304726786,-8.717782442726968,-0.0005555715740385593,0.36358488419895185,0.0014680827820291442,-8.268515575682043,-0.00037010000584150273,0.29881078515253257
2007-10-13,244.7613744483223,198.51858581046676,0.022297580783083294,-10.705817336851684,-0.000289629781696355,0.3783151938546428,0.00048577789176533904,-8.862607324699871,-0.00028275921797581285,0.320670336714774
2007-10-14,281.5877477848666,204.15480126534948,0.005281670133849298,-11.106298141791745,-0.0006522827302134734,0.3610181676364772,0.0009735890025290418,-9.682325927548117,-0.0007571845387053862,0.2941756782227764
2007-10-15,232.99604567489942,183.72542374483825,0.0077240253862976725,-9.625461300408416,-0.0007124344228329979,0.36880730507968335,0.0006838187219061868,-8.387507158060275,-0.00013859028994115703,0.31510088321768026
2007-10-16,246.18223084919822,194.0797227746833,0.001529381763367816,-9.288992839167838,-0.00044292410489330225,0.36278012527290837,0.006375623792747934,-7.391637549763748,-0.00016211595969393348,0.29972290207998464
2007-10-17,234.0085356362476,190.3888478925746,0.009525781225408595,-8.519484819666937,-0.0005986543551463577,0.38408131871872747,0.0011286258407911171,-7.77350626790265,-0.0005034929174242694,0.29441539314846304
2007-10-18,238.7651492772699,198.83722680345835,0.0009359623114344625,-9.970938943063665,-0.0001125581836024302,0.3673204280299364,0.002271618445768805,-8.836640321119386,-0.00011340171393023696,0.30937439154576307
2007-10-19,258.19706042258963,192.2399391386029,0.005545932228747861,-10.036488312581758,-0.0002527359771948615,0.3796079892720776,0.006541045369913323,-7.624065690957168,-0.00037912424050480915,0.30355912372653804
2007-10-20,245.61253936280053,184.94272323325072,0.00439007824215028,-8.66899920735897,-0.0003235722676776135,0.3688996715053131,0.0048528465696921555,-7.022696561597337,-0.0003344725728068222,0.3048451906105115
2007-10-21,265.52631283471226,193.55916907920076,0.0009752449182245458,-10.787856971328685,-0.000595744322107359,0.3811281282089447,0.0014732874714803968,-10.339114232776991,-0.0004625989206784797,0.2928687150798176
2007-10-22,225.75554735145428,173.20657641477916,0.00625055525014467,-8.68778060510476,-0.0003933151586194187,0.36983625350525534,0.00032057483168222603,-8.255019423922233,-0.0007354093207907341,0.3119005503807329
2007-10-23,233.04229238406467,184.99448756746915,0.012632110925995489,-10.3536055762965,-0.00044322584500120735,0.37059236565041537,0.00740510851736376,-8.207277466680152,-0.0003304223812124794,0.31673445886897006
2007-10-24,243.68961302342566,195.60688797860655,0.001498572824651362,-9.404100396970671,-0.0005472497734930807,0.36530703248304836,0.00016159823913392733,-10.216810312894196,-0.0004035267227416525,0.30912385255895664
2007-10-25,279.0031405614358,216.52015274132782,0.0016802196289218627,-9.927176715344858,-0.0006735346787229144,0.3763316538041031,0.0004124502573948016,-8.065071141192627,-0.0005260619574166339,0.3121205786912286
2007-10-26,258.8821382308903,213.95731106650825,0.004328066037046176,-9.767399166350874,-0.0006343113374871998,0.3504097866207588,0.001051802078421058,-9.575615948995974,-5.322846236091095e-05,0.31505783234559526
2007-10-27,272.90840755917105,226.73959515305035,0.0006195406074793526,-8.111164511793042,-0.0006295546017088341,0.3663968608159001,0.010599364732265311,-6.788304693726213,-0.0003373100598705575,0.3206110856842329
2007-10-28,240.45807339604326,187.54019981731255,0.01722734030715435,-9.6900151210478,-0.00040741076022323915,0.37481146115351727,0.002388308223397674,-6.782538052623788,-0.0003387955377211866,0.29337201986228284
2007-10-29,250.22611261562852,196.36441110676566,0.0011394024382172228,-9.73003451638973,-0.000640026033450145,0.37258884444896967,0.0024100755465423554,-10.425984469722842,-0.0009675919561494735,0.29069768933153
2007-10-30,257.22929778450964,211.44941470076978,0.005036124077361538,-9.011631151896141,-0.0005890975815945313,0.3875778568588611,0.0017709036922369786,-6.866826389901143,-0.0004313684619137787,0.3008655972889418
2007-10-31,264.063019676503,204.61137824914658,0.0028735967000277536,-11.723225730288782,-0.0004416842873115021,0.36872944148340187,0.0017209671593444108,-6.720176201412445,-0.00048750189290387843,0.278347092123123
2007-11-01,245.88335077928022,179.6853330908532,0.005435015506230168,-9.035877102763099,-0.0005097128452562071,0.3524729750941801,0.009259321369554777,-5.93108188968975,-0.0004188654631372193,0.30681698240951544
2007-11-02,265.36970517267883,226.51242765183835,0.009234637299764953,-10.194522275520324,-0.0009657635972410041,0.3547250269765713,0.007316922486722224,-7.5332966316314804,-0.0008061545950708868,0.2887273757467644
2007-11-03,247.80398914169328,210.41342489230806,0.0037202520457969524,-10.032400832816169,-0.0003185456271212589,0.36475852430667444,0.0015931397509718226,-9.19330470803798,-0.0003998281942990205,0.3006067521265222
2007-11-04,269.9814377526471,208.72620286797084,0.006743284269445194,-11.23430895337453,-0.0007370515158769256,0.3633375001938506,0.0059852925674150695,-7.482995869661842,-0.00039825261700083517,0.28431295235561743
2007-11-05,274.4857161077636,213.82640101996506,0.0019051827732764557,-7.835226227660685,-0.0008689849164139857,0.3630263316323223,0.00096289626898795,-5.857564629474055,-0.0008295859929382517,0.288403131858984
2007-11-06,250.19401477747425,201.91606044969387,0.01001512531335948,-9.079603569372349,-0.0005949491320985594,0.35295773572325945,0.00472800783715725,-7.597227276718033,-0.0007558180965324666,0.2873807000072597
2007-11-07,252.1123347689339,207.617951329557,0.012932500841943865,-8.891156499813171,-0.0004939185916441215,0.3442530767356905,0.0008898181147720961,-8.628227556277004,-4.528692593640607e-05,0.29176851091512135
2007-11-08,288.41653861613236,230.13789712212574,0.00885269590940731,-8.845291883899147,-0.0007198485711158167,0.35548555432320306,0.00022359153082042563,-6.742407400441307,-0.0006459840646893187,0.2789004257027652
2007-11-09,238.98498429745018,207.03100113087942,0.008425699526947078,-6.430834733750676,-0.0006563403209504791,0.337995087683389,0.01392837418709518,-6.856204183426771,-0.0005310492903493583,0.2683110608844414
2007-11-10,285.7966374728741,221.53245664483813,0.0010062695617561552,-4.5089819720512345,-0.0007736111255007014,0.34364147827807107,0.008795230003516194,-4.363745953513122,-0.0006166326251218195,0.27528178547527604
2007-11-11,286.3972083233543,227.6422683483573,0.0017363027679955774,-6.812922870881373,-0.0007460895969709969,0.3452166529640454,0.009581890474326553,-6.875836603483405,-0.0,0.27828964220964586
2007-11-12,254.41556876812916,204.24241124452732,0.0009038054122112118,-8.311658200954,-0.000944790248876344,0.3295927933588379,0.0020954324155759434,-6.622147467905645,-0.000386718462712961,0.2693600846805957
2007-11-13,304.1891385911093,232.01053792169148,0.010205450958921029,-5.267092176565383,-0.000560305036423099,0.34265450479845944,0.007713609726894761,-4.914474083089736,-0.00016173085055112602,0.26773954090147406
2007-11-14,308.55567473814506,243.20659742598315,0.00852066649237302,-8.106994129033922,-0.0008916264760775304,0.3256449430684344,0.004975013458126902,-6.501538790754576,-0.0005422364478212122,0.28027157744368125
2007-11-15,262.62524164910525,205.18879206978647,0.0017293040578347984,-8.555746830969957,-0.000600701116204378,0.3369955681318448,0.00015718098896864223,-7.752184985021896,-0.00027218739134713836,0.29476755170613433
2007-11-16,267.8003794597305,211.74785010156364,0.02600445609339521,-7.518133420339556,-0.0009095126887722698,0.31675407728326316,0.015950941555693352,-6.205758282026087,-0.0005571898504882044,0.27547332639493916
2007-11-17,286.16641720291403,222.20592111564733,0.005001749659235558,-6.269267014633259,-0.0006601211880753695,0.3281081571812547,0.004276364821409973,-6.855954968991958,-0.0005408323690542096,0.2743187536233562
2007-11-18,304.15331633402764,236.1795730151052,0.0016434252922151505,-8.215390343109053,-0.0005602796119633269,0.33759105276871093,0.0018814333746267088,-6.485289310506419,-0.000623111292606907,0.27705569361141197
2007-11-19,290.292836220985,226.91652846233595,0.009063680753830359,-7.082497021820426,-0.0008234262767071535,0.32541116314151164,0.005381892085302561,-4.4119154922203005,-0.0007369226984452859,0.26899481274362375
2007-11-20,280.8954101650029,233.78212495563014,0.00013040018489787788,-6.881328921252831,-0.0008269406026002041,0.3421086388291966,0.011176888856047286,-4.955101158643602,-0.0008368399899722838,0.2761694145346995
2007-11-21,249.1858113682797,213.35712854787505,0.014576808186560312,-7.466408163645164,-0.0003776379735963097,0.31562869993044673,0.0020702409392942623,-5.726454535411212,-0.00016703548320224656,0.25272731217245675
2007-11-22,284.677142814032,235.24065277255366,0.008993714576169593,-6.149241908412682,-0.0006597534149359254,0.32929835425053156,0.013445116856079072,-2.77844141573882,-0.0007790322917974919,0.27379887579773027
2007-11-23,310.1664804063628,241.77572474493843,0.011140424720385655,-7.2015199829975,-0.0004051411190708182,0.2987843767005189,0.002060031538749125,-5.159505607793094,-0.0006093409009190351,0.23150602458733927
2007-11-24,259.6246694092745,221.64572317867498,0.0008527768311764907,-6.004257523465093,-0.0007761325069407232,0.3249830284552931,0.0009286973014271516,-5.038068127754234,-0.000805273021215938,0.24672880611079276
2007-11-25,276.1050489259353,242.94749449886206,0.009564284334982553,-5.491281188482805,-0.0010013116932506463,0.31800573166172014,0.0013935250831292822,-5.822217709625459,-0.000917999477288129,0.24008867615798316
2007-11-26,299.2408138377106,246.08056487959283,0.002239959733073716,-5.3558478037747586,-0.0007850492549939255,0.32000366252666357,0.0003959428883189777,-3.9093339425050004,-0.0005903099250998164,0.2759761120615298
2007-11-27,295.56404689954775,230.36541207193488,0.001660987450832529,-7.764512229702701,-0.0009378834892671148,0.3109280097490922,0.003427554701488945,-3.216273200909129,-0.0006571411294793714,0.24920073028544723
2007-11-28,323.8640393417255,261.0523114981265,0.0011839200318736309,-6.76783206662721,-0.0007757365882225032,0.3077067539391184,0.002769463003159982,-5.567211090721216,-0.0007728263627082022,0.23085210996364433
2007-11-29,283.33135095407414,236.55137045985572,0.013356182875201324,-7.0224259488645275,-0.0010196115508789463,0.29968702100872,0.0010351699873840936,-4.241423447854618,-0.0009778798397348117,0.26313603471617414
2007-11-30,330.51282752012287,259.0259601049889,0.0006208607529835546,-5.692236209450574,-0.0005946445605978117,0.2963494511042572,0.012460769346021335,-3.0728932983258392,-0.00028493495870578867,0.24663061975354758
2007-12-01,318.3111528151363,249.53622404391646,0.0042334622840598975,-5.365439550533203,-0.0010636377126110395,0.30407389315592737,0.003660213375933794,-3.5955870383749358,-0.0008963026543130338,0.24714876514677073
2007-12-02,308.05626235429406,243.50722790441736,0.007961909920787439,-2.8176520494646025,-0.0014255686460287822,0.3010311840220704,0.0052446216401643535,-4.723213046000929,-0.0008483161024937343,0.239651006324465
2007-12-03,344.0918843611893,276.58213630618195,0.0011432729093201744,-4.629028253865741,-0.001295705853301779,0.29415573964151803,0.004157705029957808,-1.6245670622809374,-0.0007095413529297831,0.25883135902153087
2007-12-04,280.62086789066893,236.27952761698728,0.005046048219334509,-3.1960466530093807,-0.0010102115831028776,0.29178584788551254,0.005022641831690755,-2.4771523401312896,-0.0006724530984654868,0.24319657792484747
2007-12-05,318.79123441232434,243.31254991422733,0.0015682849048766782,-2.8132779323917845,-0.0010138603370713555,0.2939303849046513,0.007632116703572326,-4.6316917355043925,-0.0009355418274872263,0.22190884403023908
2007-12-06,352.767827031488,270.03524240385093,0.01136376303971684,-5.066750184424586,-0.0009098172195471941,0.2746900530240687,0.000593737988867879,-3.7219557274063035,-0.0007431046112411306,0.22273110882282054
2007-12-07,310.4625517151517,255.37523580054673,0.016716301944433767,-4.372210952637937,-0.0015170727523775964,0.2730696013123007,0.005624845780704614,-3.0276285031048675,-0.0007472368354229418,0.23668128210762188
2007-12-08,348.91702403399967,280.76010785235553,0.0017511533230180258,-4.6342008415730405,-0.0008552373847971802,0.27298725476760344,0.0004506165785011315,-1.3877359080880731,-0.0013222431083975464,0.2411045996525947
2007-12-09,367.9962624482554,277.54545514886604,0.003601180289754066,-5.297879601034017,-0.0010201553754357945,0.2694969962683894,0.002222211718484855,-1.501950234690594,-0.0008819363407326145,0.22338965824234602
2007-12-10,365.7583333628554,272.1649717886096,5.234774004133283e-05,-1.0493612320499934,-0.0012369358758088263,0.27649903973567197,0.0038959892995303856,-0.04892491715370628,-0.0012261878836495102,0.2287449485650962
2007-12-11,324.51750376443954,262.03698651425975,0.0026915019670353253,-2.1245740874970216,-0.0010859956446052615,0.3061364856832132,0.003569971689592008,-2.7883074867036717,-0.0005701293539050367,0.2331023847866375
2007-12-12,301.036920278696,250.404168617247,0.0012209330243909996,-1.4189704992311276,-0.0010459483835826705,0.2707090016719084,0.009212176402973678,-1.363963764087439,-0.000972421205698489,0.21722164865728272
2007-12-13,346.1202197113237,275.77188987360967,0.00030834991818989177,-1.834180535758251,-0.0011169497524608405,0.2632828820741844,0.002451212205101522,-3.5950809487225066,-0.0007895957616124362,0.21061348124708965
2007-12-14,304.7278657310128,243.6976204776598,0.0001535340464249016,-4.118424936541757,-0.0015993203024788289,0.2756491523238129,0.0031597527645147714,-3.0266467105347687,-0.0007214592402004779,0.22170707122344496
2007-12-15,300.57281144077456,238.55273626206562,0.0012770177274289095,0.019744294687640274,-0.0012570352531350647,0.2631266857194317,0.00037285213276574736,-0.09773893974490466,-0.0006002637748264874,0.22207716622916399
2007-12-16,337.30882302168885,267.7262888796137,0.008437753822683601,-2.7007711755282546,-0.0012384012155443355,0.25439355864514585,0.006498512151439346,0.125719575661849,-0.001052157096031145,0.22014335188945605
2007-12-17,307.98353235428584,266.3660668729975,0.003622502155938271,-1.4971261116491061,-0.0014899890996234021,0.2617766210362943,0.00023910170097088922,-0.1698037871785708,-0.000612940128952151,0.22047816989300711
2007-12-18,343.44187647881495,269.80933854826924,0.012992838889649222,-3.694842937948269,-0.0013555292945727662,0.27009598470221946,5.6722712528717116e-05,-0.6807921421932588,-0.0008404448281139178,0.2144351047932065
2007-12-19,329.8929445801228,259.4095319587989,0.005319217639643379,-0.6581335188291869,-0.0011249530525754765,0.23997975440602226,0.014034906624235068,0.7515055982519276,-0.0010868687767047792,0.2219994680613213
2007-12-20,340.1862502458808,273.1029352939384,0.0012675632564628767,-0.6375470155080873,-0.0010767322759435705,0.24834111878298123,0.006326690485466902,1.4369503482728019,-0.001523752511871921,0.20783058135288643
2007-12-21,340.0033055180417,274.9007732846969,0.005594027975047148,-1.3861692480614207,-0.0015372464747665006,0.2430472132469927,0.0029799436770144147,-1.733285840679478,-0.0009654821759081492,0.20419405596093745
2007-12-22,363.93334708031193,299.65359442222973,0.009703794901460555,-0.5708975739036133,-0.0010863130623758148,0.23869016462570306,0.0028204778850748407,0.22330208034562576,-0.0010682434308521651,0.2039357693047751
2007-12-23,332.34132204785107,286.447238011067,0.0014270467251584944,1.2647232249831464,-0.0012260374691106222,0.24678971668669755,0.001436597771090592,2.9758524968262043,-0.0009627136038013126,0.18849090303034952
2007-12-24,307.4334126157883,269.0459847300941,0.0009189198333233454,-2.3408316194409506,-0.0014791341946699258,0.2424524372617996,0.0003436607885851865,1.5131683514690057,-0.0009822565388994333,0.17707413020758334
2007-12-25,339.49374921503255,276.8048126062695,0.00609406699357182,-0.6965121047770901,-0.001451520545063878,0.2506682065079989,0.002842652678591291,-0.2843234696057628,-0.0007566792236149676,0.19877371351156795
2007-12-26,348.8315924589822,282.75553914270427,0.0036007176006909443,1.4733138479951144,-0.0010057784198016625,0.23022509379504144,0.00039736417760455025,1.6889779079188805,-0.0009320343544213366,0.2009063755978515
2007-12-27,357.82451081702965,287.4165048436497,0.014743408800964095,-0.4361494520025303,-0.0014563953920080385,0.24514959484508583,0.002034391904453195,1.7102486167414797,-0.0009875614860139009,0.20189024336856823
2007-12-28,373.15582403960127,305.69110762219316,0.008865051745201134,-0.529946291891146,-0.0015949722738456008,0.23320296937793583,0.0020505086711553127,0.8962908194682728,-0.0008527631601537311,0.19266614813355815
2007-12-29,366.04892823497494,297.0411512889899,0.0018599393559683704,-1.6137774795221602,-0.0013515449346881276,0.2147848985989671,0.0005031974031053768,2.20408051645244,-0.0013679955596458096,0.1763945945426059
2007-12-30,320.52838147005076,274.83822720554724,0.008879925144805857,3.607180741647346,-0.0011599021503173152,0.2239139299169204,0.001147499623590791,-0.44521902411762904,-0.0012969024925209573,0.1981268361544627
2007-12-31,350.6744258467905,296.89505122830576,0.00043404727794647477,1.3606550694464417,-0.0013668012062988714,0.237007862786132,0.005851229335836531,1.272171213009196,-0.0012142854933582855,0.1797399698293899
